{"v":"5.7.8","fr":30,"ip":0,"op":166,"w":1080,"h":1080,"nm":"404 error copy","ddd":0,"assets":[{"id":"comp_0","layers":[{"ddd":0,"ind":1,"ty":5,"nm":"ERROR","parent":4,"sr":1,"ks":{"o":{"a":0,"k":100,"ix":11},"r":{"a":0,"k":-3.5,"ix":10},"p":{"a":0,"k":[118.884,121.004,0],"ix":2,"l":2},"a":{"a":0,"k":[25.921,-6.221,0],"ix":1,"l":2},"s":{"a":0,"k":[237,237,100],"ix":6,"l":2}},"ao":0,"t":{"d":{"k":[{"s":{"s":17.7000007629395,"f":"Poppins-Regular","t":"ERROR","ca":0,"j":0,"tr":0,"lh":21.2400009155273,"ls":0,"fc":[0.2,0.235,0.259]},"t":0}]},"p":{},"m":{"g":1,"a":{"a":0,"k":[0,0],"ix":2}},"a":[]},"ip":0,"op":300,"st":0,"bm":0},{"ddd":0,"ind":2,"ty":5,"nm":"404 ","parent":4,"sr":1,"ks":{"o":{"a":0,"k":100,"ix":11},"r":{"a":0,"k":-3.5,"ix":10},"p":{"a":0,"k":[117.541,61.933,0],"ix":2,"l":2},"a":{"a":0,"k":[16.828,-6.542,0],"ix":1,"l":2},"s":{"a":0,"k":[416,416,100],"ix":6,"l":2}},"ao":0,"t":{"d":{"k":[{"s":{"s":17.7000007629395,"f":"Poppins-Regular","t":"404","ca":0,"j":0,"tr":0,"lh":21.2400009155273,"ls":0,"fc":[0.2,0.235,0.259]},"t":0}]},"p":{},"m":{"g":1,"a":{"a":0,"k":[0,0],"ix":2}},"a":[]},"ip":0,"op":300,"st":0,"bm":0},{"ddd":0,"ind":3,"ty":4,"nm":"hand Outlines","sr":1,"ks":{"o":{"a":0,"k":100,"ix":11},"r":{"a":1,"k":[{"i":{"x":[0.667],"y":[1]},"o":{"x":[0.333],"y":[0]},"t":34,"s":[0]},{"i":{"x":[0.833],"y":[0.833]},"o":{"x":[0.333],"y":[0]},"t":55.5,"s":[12]},{"i":{"x":[0.667],"y":[1]},"o":{"x":[0.167],"y":[0.167]},"t":77,"s":[0]},{"i":{"x":[0.833],"y":[0.833]},"o":{"x":[0.333],"y":[0]},"t":98.5,"s":[-12]},{"i":{"x":[0.667],"y":[1]},"o":{"x":[0.167],"y":[0.167]},"t":120,"s":[0]},{"i":{"x":[0.833],"y":[0.833]},"o":{"x":[0.333],"y":[0]},"t":142,"s":[12]},{"i":{"x":[0.667],"y":[1]},"o":{"x":[0.167],"y":[0.167]},"t":163.5,"s":[0]},{"i":{"x":[0.833],"y":[0.833]},"o":{"x":[0.333],"y":[0]},"t":185,"s":[-12]},{"t":206.5,"s":[0]}],"ix":10},"p":{"a":0,"k":[539.132,641.887,0],"ix":2,"l":2},"a":{"a":0,"k":[41.984,76.626,0],"ix":1,"l":2},"s":{"a":0,"k":[100,100,100],"ix":6,"l":2}},"ao":0,"shapes":[{"ty":"gr","it":[{"ty":"fl","c":{"a":0,"k":[0.694118006089,0.089827002731,0.089827002731,1],"ix":4},"o":{"a":0,"k":100,"ix":5},"r":1,"bm":0,"nm":"Fill 1","mn":"ADBE Vector Graphic - Fill","hd":false},{"ty":"tr","p":{"a":0,"k":[0,0],"ix":2},"a":{"a":0,"k":[0,0],"ix":1},"s":{"a":0,"k":[100,100],"ix":3},"r":{"a":0,"k":0,"ix":6},"o":{"a":0,"k":100,"ix":7},"sk":{"a":0,"k":0,"ix":4},"sa":{"a":0,"k":0,"ix":5},"nm":"Transform"}],"nm":"Shape 1","np":2,"cix":2,"bm":0,"ix":1,"mn":"ADBE Vector Group","hd":false},{"ty":"gr","it":[{"ind":0,"ty":"sh","ix":1,"ks":{"a":0,"k":{"i":[[0,0],[-4.215,-0.349],[-0.092,-7.855],[7.246,-0.438],[1.646,0.239],[1.762,-0.468],[-2.881,0.418],[1.315,-12.893],[10.366,0.076],[5.795,-0.132],[-0.741,-0.913],[-0.254,-0.018],[-0.902,-0.111],[0.954,-6.329],[9.624,-0.29],[3.648,0.7],[0.343,-0.49],[-0.592,-0.077],[-2.087,0.137],[-0.938,-6.889],[22.977,-0.913],[-2.139,8.413],[2.101,1.538],[-0.848,0.56],[8.619,7.014],[1.254,11.367],[3.807,0.573],[-0.865,0.861],[9.123,6.219],[0.211,0.039]],"o":[[0,0],[3.437,0.505],[0.053,4.461],[-7.247,0.438],[-1.76,-0.254],[-1.892,0.502],[2.927,-0.424],[-0.545,5.342],[-13.473,-0.527],[-1.176,0.027],[0.157,0.194],[-1.128,1.08],[0.904,0.109],[-0.953,6.328],[-8.656,0.261],[-0.585,-0.112],[-0.758,1.083],[-1.89,0.511],[2.087,-0.139],[0.209,7.635],[0.61,0.837],[0.914,-3.684],[-0.82,-0.6],[5.367,-3.541],[-2.19,-1.48],[-0.831,-7.526],[-1.207,-0.183],[4.041,-4.029],[-0.177,-0.121],[-10.753,-1.996]],"v":[[-26.095,-38.961],[14.754,-39.594],[21.973,-28.555],[8.742,-19.335],[-26.521,-18.415],[-28.936,-17.043],[8.307,-17.725],[28.559,-7.11],[14.528,3.048],[-23.519,3.013],[-24.711,5.331],[-24.1,5.673],[14.679,4.508],[22.403,13.945],[6.969,23.324],[-22.553,24.274],[-24.071,24.889],[-24.529,27.279],[9.395,25.47],[17.965,31.568],[-19.425,41.142],[18.674,33.962],[15.992,25.636],[16.075,23.236],[19.049,5.09],[29.573,-8.663],[20.38,-18.911],[19.512,-21.411],[16.796,-40.135],[16.21,-40.38]],"c":true},"ix":2},"nm":"Path 1","mn":"ADBE Vector Shape - Group","hd":false},{"ty":"fl","c":{"a":0,"k":[0.932703354779,0.654027362898,0.44265313242,1],"ix":4},"o":{"a":0,"k":100,"ix":5},"r":1,"bm":0,"nm":"Fill 1","mn":"ADBE Vector Graphic - Fill","hd":false},{"ty":"tr","p":{"a":0,"k":[44.65,42.626],"ix":2},"a":{"a":0,"k":[0,0],"ix":1},"s":{"a":0,"k":[100,100],"ix":3},"r":{"a":0,"k":0,"ix":6},"o":{"a":0,"k":100,"ix":7},"sk":{"a":0,"k":0,"ix":4},"sa":{"a":0,"k":0,"ix":5},"nm":"Transform"}],"nm":"Group 1","np":2,"cix":2,"bm":0,"ix":2,"mn":"ADBE Vector Group","hd":false},{"ty":"gr","it":[{"ind":0,"ty":"sh","ix":1,"ks":{"a":0,"k":{"i":[[10.582,-0.271],[3.565,-0.091],[15.236,7.161],[0.238,-0.006],[14.229,-0.365],[-0.491,-1.306],[-8.856,-10.408],[-10.089,-16.279],[-7.114,-8.876],[-0.365,-0.061],[-4.547,0.286],[-0.077,0.016],[10.69,0.192],[-1.07,0.028],[7.337,6.478],[-1.228,0.212],[-1.606,0.996]],"o":[[-4.142,0.106],[15.043,-0.386],[-0.214,-0.101],[-14.228,0.366],[-14.88,0.383],[1.116,2.974],[3.788,4.45],[1.418,2.287],[0.232,0.289],[6.444,1.09],[0.078,-0.005],[13.377,-2.745],[1.091,-0.041],[12.744,-0.328],[-0.935,-0.825],[1.41,-0.246],[8.633,-5.36]],"v":[[24.469,-19.403],[13.021,-19.109],[19.525,-40.822],[18.831,-40.967],[-23.854,-39.87],[-30.983,-18.001],[-28.672,1.031],[-26.271,24.766],[-22.946,39.339],[-22.017,39.882],[14.989,38.408],[15.215,38.377],[16.476,23.274],[14.118,23.617],[24.942,5.11],[25.637,2.533],[30.101,0.779]],"c":true},"ix":2},"nm":"Path 1","mn":"ADBE Vector Shape - Group","hd":false},{"ty":"fl","c":{"a":0,"k":[1,0.706160601448,0.483408669864,1],"ix":4},"o":{"a":0,"k":100,"ix":5},"r":1,"bm":0,"nm":"Fill 1","mn":"ADBE Vector Graphic - Fill","hd":false},{"ty":"tr","p":{"a":0,"k":[38.984,43.623],"ix":2},"a":{"a":0,"k":[0,0],"ix":1},"s":{"a":0,"k":[100,100],"ix":3},"r":{"a":0,"k":0,"ix":6},"o":{"a":0,"k":100,"ix":7},"sk":{"a":0,"k":0,"ix":4},"sa":{"a":0,"k":0,"ix":5},"nm":"Transform"}],"nm":"Group 2","np":2,"cix":2,"bm":0,"ix":3,"mn":"ADBE Vector Group","hd":false}],"ip":0,"op":300,"st":0,"bm":0},{"ddd":0,"ind":4,"ty":4,"nm":"Layer 4 Outlines","sr":1,"ks":{"o":{"a":0,"k":100,"ix":11},"r":{"a":1,"k":[{"i":{"x":[0.667],"y":[1]},"o":{"x":[0.333],"y":[0]},"t":34,"s":[0]},{"i":{"x":[0.833],"y":[0.833]},"o":{"x":[0.333],"y":[0]},"t":55.5,"s":[12]},{"i":{"x":[0.667],"y":[1]},"o":{"x":[0.167],"y":[0.167]},"t":77,"s":[0]},{"i":{"x":[0.833],"y":[0.833]},"o":{"x":[0.333],"y":[0]},"t":98.5,"s":[-12]},{"i":{"x":[0.667],"y":[1]},"o":{"x":[0.167],"y":[0.167]},"t":120,"s":[0]},{"i":{"x":[0.833],"y":[0.833]},"o":{"x":[0.333],"y":[0]},"t":142,"s":[12]},{"i":{"x":[0.667],"y":[1]},"o":{"x":[0.167],"y":[0.167]},"t":163.5,"s":[0]},{"i":{"x":[0.833],"y":[0.833]},"o":{"x":[0.333],"y":[0]},"t":185,"s":[-12]},{"t":206.5,"s":[0]}],"ix":10},"p":{"a":0,"k":[540.242,638.701,0],"ix":2,"l":2},"a":{"a":0,"k":[128.204,269.426,0],"ix":1,"l":2},"s":{"a":0,"k":[100,100,100],"ix":6,"l":2}},"ao":0,"shapes":[{"ty":"gr","it":[{"ind":0,"ty":"sh","ix":1,"ks":{"a":0,"k":{"i":[[-0.823,-16.91],[0,0],[-17.476,1.242],[0,0],[1.735,17.502],[0,0],[16.909,-1.267],[0,0]],"o":[[0,0],[0.852,17.5],[0,0],[17.544,-1.248],[0,0],[-1.672,-16.873],[0,0],[-16.881,1.264]],"v":[[-121.131,-19.289],[-118.472,35.349],[-85.066,64.982],[91.356,52.438],[120.219,18.207],[114.758,-36.895],[81.348,-64.957],[-92.273,-51.949]],"c":true},"ix":2},"nm":"Path 1","mn":"ADBE Vector Shape - Group","hd":false},{"ty":"fl","c":{"a":0,"k":[0.866351617551,0.866351617551,0.866351617551,1],"ix":4},"o":{"a":0,"k":100,"ix":5},"r":1,"bm":0,"nm":"Fill 1","mn":"ADBE Vector Graphic - Fill","hd":false},{"ty":"tr","p":{"a":0,"k":[122.204,84.649],"ix":2},"a":{"a":0,"k":[0,0],"ix":1},"s":{"a":0,"k":[100,100],"ix":3},"r":{"a":0,"k":0,"ix":6},"o":{"a":0,"k":100,"ix":7},"sk":{"a":0,"k":0,"ix":4},"sa":{"a":0,"k":0,"ix":5},"nm":"Transform"}],"nm":"Group 9","np":2,"cix":2,"bm":0,"ix":9,"mn":"ADBE Vector Group","hd":false},{"ty":"gr","it":[{"ind":0,"ty":"sh","ix":1,"ks":{"a":0,"k":{"i":[[12.416,7.885],[0.03,0.469],[-2.122,8.526],[-2.264,-15.623],[0.112,-0.991]],"o":[[-0.397,-0.253],[-0.987,-15.483],[2.19,-8.795],[2.321,16.026],[-0.108,0.974]],"v":[[-1.272,143.291],[-1.951,142.137],[-16.951,-135.614],[5.455,-135.552],[18.961,137.421]],"c":true},"ix":2},"nm":"Path 1","mn":"ADBE Vector Shape - Group","hd":false},{"ty":"fl","c":{"a":0,"k":[0.743128338982,0.390513281729,0.267290092917,1],"ix":4},"o":{"a":0,"k":100,"ix":5},"r":1,"bm":0,"nm":"Fill 1","mn":"ADBE Vector Graphic - Fill","hd":false},{"ty":"tr","p":{"a":0,"k":[121.938,151.426],"ix":2},"a":{"a":0,"k":[0,0],"ix":1},"s":{"a":0,"k":[100,100],"ix":3},"r":{"a":0,"k":0,"ix":6},"o":{"a":0,"k":100,"ix":7},"sk":{"a":0,"k":0,"ix":4},"sa":{"a":0,"k":0,"ix":5},"nm":"Transform"}],"nm":"Group 10","np":2,"cix":2,"bm":0,"ix":10,"mn":"ADBE Vector Group","hd":false}],"ip":0,"op":300,"st":0,"bm":0},{"ddd":0,"ind":5,"ty":4,"nm":"thumb Outlines","sr":1,"ks":{"o":{"a":0,"k":100,"ix":11},"r":{"a":1,"k":[{"i":{"x":[0.667],"y":[1]},"o":{"x":[0.333],"y":[0]},"t":34,"s":[0]},{"i":{"x":[0.833],"y":[0.833]},"o":{"x":[0.333],"y":[0]},"t":55.5,"s":[12]},{"i":{"x":[0.667],"y":[1]},"o":{"x":[0.167],"y":[0.167]},"t":77,"s":[0]},{"i":{"x":[0.833],"y":[0.833]},"o":{"x":[0.333],"y":[0]},"t":98.5,"s":[-12]},{"i":{"x":[0.667],"y":[1]},"o":{"x":[0.167],"y":[0.167]},"t":120,"s":[0]},{"i":{"x":[0.833],"y":[0.833]},"o":{"x":[0.333],"y":[0]},"t":142,"s":[12]},{"i":{"x":[0.667],"y":[1]},"o":{"x":[0.167],"y":[0.167]},"t":163.5,"s":[0]},{"i":{"x":[0.833],"y":[0.833]},"o":{"x":[0.333],"y":[0]},"t":185,"s":[-12]},{"t":206.5,"s":[0]}],"ix":10},"p":{"a":0,"k":[543.947,646.743,0],"ix":2,"l":2},"a":{"a":0,"k":[21.78,126.378,0],"ix":1,"l":2},"s":{"a":0,"k":[100,100,100],"ix":6,"l":2}},"ao":0,"shapes":[{"ty":"gr","it":[{"ind":0,"ty":"sh","ix":1,"ks":{"a":0,"k":{"i":[[5.197,9.663],[0.019,0.035],[3.834,9.609],[-3.356,-17.642],[4.291,-7.181],[1.024,-9.741],[-0.585,-0.257],[5.422,24.879],[-0.076,0.24]],"o":[[-0.018,-0.033],[-16.021,-30.256],[-5.639,-14.131],[0,0],[-3.677,2.353],[-0.066,0.635],[16.817,7.392],[-0.053,-0.245],[7.82,-24.846]],"v":[[19.567,-11.494],[19.518,-11.593],[3.42,-53.997],[-11.838,-42.75],[-13.88,-26.784],[-26.464,59.23],[-25.607,60.735],[18.677,35.885],[18.709,35.135]],"c":true},"ix":2},"nm":"Path 1","mn":"ADBE Vector Shape - Group","hd":false},{"ty":"fl","c":{"a":0,"k":[1,0.706160601448,0.483408669864,1],"ix":4},"o":{"a":0,"k":100,"ix":5},"r":1,"bm":0,"nm":"Fill 1","mn":"ADBE Vector Graphic - Fill","hd":false},{"ty":"tr","p":{"a":0,"k":[26.779,68.378],"ix":2},"a":{"a":0,"k":[0,0],"ix":1},"s":{"a":0,"k":[100,100],"ix":3},"r":{"a":0,"k":0,"ix":6},"o":{"a":0,"k":100,"ix":7},"sk":{"a":0,"k":0,"ix":4},"sa":{"a":0,"k":0,"ix":5},"nm":"Transform"}],"nm":"Group 1","np":2,"cix":2,"bm":0,"ix":1,"mn":"ADBE Vector Group","hd":false}],"ip":0,"op":300,"st":0,"bm":0},{"ddd":0,"ind":6,"ty":4,"nm":"arm Outlines","sr":1,"ks":{"o":{"a":0,"k":100,"ix":11},"r":{"a":0,"k":0,"ix":10},"p":{"a":0,"k":[553.196,659.991,0],"ix":2,"l":2},"a":{"a":0,"k":[31.785,48.811,0],"ix":1,"l":2},"s":{"a":0,"k":[100,100,100],"ix":6,"l":2}},"ao":0,"shapes":[{"ty":"gr","it":[{"ind":0,"ty":"sh","ix":1,"ks":{"a":0,"k":{"i":[[0.849,-0.756],[12.038,0.339],[0.617,-0.603],[-0.063,-2.299],[-0.896,0.172],[-7.116,5.916],[0.122,0.54],[0.564,2.563]],"o":[[-6.765,6.032],[-0.618,0.604],[0.014,2.254],[0.024,0.912],[16.689,-3.195],[0.426,-0.355],[-0.6,-2.648],[-0.245,-1.11]],"v":[[19.317,-13.319],[-22.998,-1.413],[-22.998,-1.413],[-20.998,12.587],[-15.831,13.902],[23.012,-3.255],[23.494,-4.723],[21.75,-12.527]],"c":true},"ix":2},"nm":"Path 1","mn":"ADBE Vector Shape - Group","hd":false},{"ty":"fl","c":{"a":0,"k":[0.932703354779,0.654027362898,0.44265313242,1],"ix":4},"o":{"a":0,"k":100,"ix":5},"r":1,"bm":0,"nm":"Fill 1","mn":"ADBE Vector Graphic - Fill","hd":false},{"ty":"tr","p":{"a":0,"k":[24.587,39.234],"ix":2},"a":{"a":0,"k":[0,0],"ix":1},"s":{"a":0,"k":[100,100],"ix":3},"r":{"a":0,"k":0,"ix":6},"o":{"a":0,"k":100,"ix":7},"sk":{"a":0,"k":0,"ix":4},"sa":{"a":0,"k":0,"ix":5},"nm":"Transform"}],"nm":"Group 1","np":2,"cix":2,"bm":0,"ix":1,"mn":"ADBE Vector Group","hd":false},{"ty":"gr","it":[{"ind":0,"ty":"sh","ix":1,"ks":{"a":0,"k":{"i":[[-13.64,1.104],[0.249,0.901],[4.581,21.266],[4.633,-1.635],[1.378,-12.946],[-2.585,-25.902],[-0.758,-0.009],[-2.338,0]],"o":[[0.931,-0.075],[-9.497,-34.401],[-3.494,-16.226],[-3.886,1.371],[-2.338,21.968],[0.075,0.755],[2.309,0.031],[15.043,0]],"v":[[29.982,46.857],[31.285,44.964],[12.324,-32.335],[-9.717,-45.179],[-29.197,-24.991],[-21.624,47.17],[-20.163,48.511],[-13.197,48.561]],"c":true},"ix":2},"nm":"Path 1","mn":"ADBE Vector Shape - Group","hd":false},{"ty":"fl","c":{"a":0,"k":[1,0.706160601448,0.483408669864,1],"ix":4},"o":{"a":0,"k":100,"ix":5},"r":1,"bm":0,"nm":"Fill 1","mn":"ADBE Vector Graphic - Fill","hd":false},{"ty":"tr","p":{"a":0,"k":[31.784,48.811],"ix":2},"a":{"a":0,"k":[0,0],"ix":1},"s":{"a":0,"k":[100,100],"ix":3},"r":{"a":0,"k":0,"ix":6},"o":{"a":0,"k":100,"ix":7},"sk":{"a":0,"k":0,"ix":4},"sa":{"a":0,"k":0,"ix":5},"nm":"Transform"}],"nm":"Group 2","np":2,"cix":2,"bm":0,"ix":2,"mn":"ADBE Vector Group","hd":false}],"ip":0,"op":300,"st":0,"bm":0}]}],"fonts":{"list":[{"fName":"Poppins-Regular","fFamily":"Poppins","fStyle":"Regular","ascent":73.9990234375}]},"layers":[{"ddd":0,"ind":1,"ty":0,"nm":"Pre-comp 1","refId":"comp_0","sr":1,"ks":{"o":{"a":0,"k":100,"ix":11},"r":{"a":0,"k":0,"ix":10},"p":{"a":1,"k":[{"i":{"x":0.833,"y":0.833},"o":{"x":0.167,"y":0.167},"t":0,"s":[540,894,0],"to":[0,-59,0],"ti":[0,59,0]},{"t":30,"s":[540,540,0]}],"ix":2,"l":2},"a":{"a":0,"k":[540,540,0],"ix":1,"l":2},"s":{"a":0,"k":[100,100,100],"ix":6,"l":2}},"ao":0,"hasMask":true,"masksProperties":[{"inv":false,"mode":"a","pt":{"a":1,"k":[{"i":{"x":0.833,"y":0.833},"o":{"x":0.167,"y":0.167},"t":8,"s":[{"i":[[0,0],[0,0],[0,0],[0,0]],"o":[[0,0],[0,0],[0,0],[0,0]],"v":[[705,368],[393,368],[393,435.4],[705,435.4]],"c":true}]},{"t":31,"s":[{"i":[[0,0],[0,0],[0,0],[0,0]],"o":[[0,0],[0,0],[0,0],[0,0]],"v":[[721,368],[365,368],[365,709],[721,709]],"c":true}]}],"ix":1},"o":{"a":0,"k":100,"ix":3},"x":{"a":0,"k":0,"ix":4},"nm":"Mask 1"}],"w":1080,"h":1080,"ip":8,"op":300,"st":0,"bm":0},{"ddd":0,"ind":2,"ty":4,"nm":"Layer 1 Outlines 3","td":1,"sr":1,"ks":{"o":{"a":0,"k":100,"ix":11},"r":{"a":0,"k":0,"ix":10},"p":{"a":0,"k":[540,670.959,0],"ix":2,"l":2},"a":{"a":0,"k":[145.25,37.843,0],"ix":1,"l":2},"s":{"a":0,"k":[100,100,100],"ix":6,"l":2}},"ao":0,"shapes":[{"ty":"gr","it":[{"ind":0,"ty":"sh","ix":1,"ks":{"a":0,"k":{"i":[[16.586,-16.026],[-67.051,0],[-16.586,16.026],[67.051,0]],"o":[[16.586,16.026],[67.051,0],[-16.586,-16.026],[-67.051,0]],"v":[[-140.031,0],[0,27.828],[140.031,0],[0,-27.828]],"c":true},"ix":2},"nm":"Path 1","mn":"ADBE Vector Shape - Group","hd":false},{"ty":"fl","c":{"a":0,"k":[0.9137254901960784,0.4470588235294118,0.23921568627450981,1],"ix":4},"o":{"a":0,"k":100,"ix":5},"r":1,"bm":0,"nm":"Fill 1","mn":"ADBE Vector Graphic - Fill","hd":false},{"ty":"tr","p":{"a":0,"k":[145.25,47.608],"ix":2},"a":{"a":0,"k":[0,0],"ix":1},"s":{"a":0,"k":[100,100],"ix":3},"r":{"a":0,"k":0,"ix":6},"o":{"a":0,"k":100,"ix":7},"sk":{"a":0,"k":0,"ix":4},"sa":{"a":0,"k":0,"ix":5},"nm":"Transform"}],"nm":"Group 1","np":2,"cix":2,"bm":0,"ix":1,"mn":"ADBE Vector Group","hd":false},{"ty":"gr","it":[{"ind":0,"ty":"sh","ix":1,"ks":{"a":0,"k":{"i":[[0,-20.762],[80.081,0],[0,20.762],[-80.081,0]],"o":[[0,20.762],[-80.081,0],[0,-20.762],[80.081,0]],"v":[[145,0],[0,37.593],[-145,0],[0,-37.593]],"c":true},"ix":2},"nm":"Path 1","mn":"ADBE Vector Shape - Group","hd":false},{"ty":"fl","c":{"a":0,"k":[0.520378322227,0.624639593386,0.639805453431,1],"ix":4},"o":{"a":0,"k":100,"ix":5},"r":1,"bm":0,"nm":"Fill 1","mn":"ADBE Vector Graphic - Fill","hd":false},{"ty":"tr","p":{"a":0,"k":[145.25,37.843],"ix":2},"a":{"a":0,"k":[0,0],"ix":1},"s":{"a":0,"k":[100,100],"ix":3},"r":{"a":0,"k":0,"ix":6},"o":{"a":0,"k":100,"ix":7},"sk":{"a":0,"k":0,"ix":4},"sa":{"a":0,"k":0,"ix":5},"nm":"Transform"}],"nm":"Group 2","np":2,"cix":2,"bm":0,"ix":2,"mn":"ADBE Vector Group","hd":false}],"ip":0,"op":300,"st":0,"bm":0},{"ddd":0,"ind":3,"ty":0,"nm":"Pre-comp 1","tt":1,"refId":"comp_0","sr":1,"ks":{"o":{"a":0,"k":100,"ix":11},"r":{"a":0,"k":0,"ix":10},"p":{"a":1,"k":[{"i":{"x":0.833,"y":0.833},"o":{"x":0.167,"y":0.167},"t":0,"s":[540,894,0],"to":[0,-59,0],"ti":[0,59,0]},{"t":30,"s":[540,540,0]}],"ix":2,"l":2},"a":{"a":0,"k":[540,540,0],"ix":1,"l":2},"s":{"a":0,"k":[100,100,100],"ix":6,"l":2}},"ao":0,"w":1080,"h":1080,"ip":0,"op":300,"st":0,"bm":0},{"ddd":0,"ind":4,"ty":4,"nm":"Layer 1 Outlines 2","sr":1,"ks":{"o":{"a":0,"k":100,"ix":11},"r":{"a":0,"k":0,"ix":10},"p":{"a":0,"k":[540,670.959,0],"ix":2,"l":2},"a":{"a":0,"k":[145.25,37.843,0],"ix":1,"l":2},"s":{"a":0,"k":[100,100,100],"ix":6,"l":2}},"ao":0,"shapes":[{"ty":"gr","it":[{"ind":0,"ty":"sh","ix":1,"ks":{"a":0,"k":{"i":[[16.586,-16.026],[-67.051,0],[-16.586,16.026],[67.051,0]],"o":[[16.586,16.026],[67.051,0],[-16.586,-16.026],[-67.051,0]],"v":[[-140.031,0],[0,27.828],[140.031,0],[0,-27.828]],"c":true},"ix":2},"nm":"Path 1","mn":"ADBE Vector Shape - Group","hd":false},{"ty":"fl","c":{"a":0,"k":[0.9137254901960784,0.4470588235294118,0.23921568627450981,1],"ix":4},"o":{"a":0,"k":100,"ix":5},"r":1,"bm":0,"nm":"Fill 1","mn":"ADBE Vector Graphic - Fill","hd":false},{"ty":"tr","p":{"a":0,"k":[145.25,47.608],"ix":2},"a":{"a":0,"k":[0,0],"ix":1},"s":{"a":0,"k":[100,100],"ix":3},"r":{"a":0,"k":0,"ix":6},"o":{"a":0,"k":100,"ix":7},"sk":{"a":0,"k":0,"ix":4},"sa":{"a":0,"k":0,"ix":5},"nm":"Transform"}],"nm":"Group 1","np":2,"cix":2,"bm":0,"ix":1,"mn":"ADBE Vector Group","hd":false},{"ty":"gr","it":[{"ind":0,"ty":"sh","ix":1,"ks":{"a":0,"k":{"i":[[0,-20.762],[80.081,0],[0,20.762],[-80.081,0]],"o":[[0,20.762],[-80.081,0],[0,-20.762],[80.081,0]],"v":[[145,0],[0,37.593],[-145,0],[0,-37.593]],"c":true},"ix":2},"nm":"Path 1","mn":"ADBE Vector Shape - Group","hd":false},{"ty":"fl","c":{"a":0,"k":[0.520378322227,0.624639593386,0.639805453431,1],"ix":4},"o":{"a":0,"k":100,"ix":5},"r":1,"bm":0,"nm":"Fill 1","mn":"ADBE Vector Graphic - Fill","hd":false},{"ty":"tr","p":{"a":0,"k":[145.25,37.843],"ix":2},"a":{"a":0,"k":[0,0],"ix":1},"s":{"a":0,"k":[100,100],"ix":3},"r":{"a":0,"k":0,"ix":6},"o":{"a":0,"k":100,"ix":7},"sk":{"a":0,"k":0,"ix":4},"sa":{"a":0,"k":0,"ix":5},"nm":"Transform"}],"nm":"Group 2","np":2,"cix":2,"bm":0,"ix":2,"mn":"ADBE Vector Group","hd":false}],"ip":0,"op":300,"st":0,"bm":0},{"ddd":0,"ind":5,"ty":4,"nm":"Layer 1 Outlines","sr":1,"ks":{"o":{"a":0,"k":100,"ix":11},"r":{"a":0,"k":0,"ix":10},"p":{"a":0,"k":[540,670.959,0],"ix":2,"l":2},"a":{"a":0,"k":[145.25,37.843,0],"ix":1,"l":2},"s":{"a":0,"k":[100,100,100],"ix":6,"l":2}},"ao":0,"shapes":[{"ty":"gr","it":[{"ind":0,"ty":"sh","ix":1,"ks":{"a":0,"k":{"i":[[16.586,-16.026],[-67.051,0],[-16.586,16.026],[67.051,0]],"o":[[16.586,16.026],[67.051,0],[-16.586,-16.026],[-67.051,0]],"v":[[-140.031,0],[0,27.828],[140.031,0],[0,-27.828]],"c":true},"ix":2},"nm":"Path 1","mn":"ADBE Vector Shape - Group","hd":false},{"ty":"fl","c":{"a":0,"k":[0.9137254901960784,0.4470588235294118,0.23921568627450981,1],"ix":4},"o":{"a":0,"k":100,"ix":5},"r":1,"bm":0,"nm":"Fill 1","mn":"ADBE Vector Graphic - Fill","hd":false},{"ty":"tr","p":{"a":0,"k":[145.25,47.608],"ix":2},"a":{"a":0,"k":[0,0],"ix":1},"s":{"a":0,"k":[100,100],"ix":3},"r":{"a":0,"k":0,"ix":6},"o":{"a":0,"k":100,"ix":7},"sk":{"a":0,"k":0,"ix":4},"sa":{"a":0,"k":0,"ix":5},"nm":"Transform"}],"nm":"Group 1","np":2,"cix":2,"bm":0,"ix":1,"mn":"ADBE Vector Group","hd":false},{"ty":"gr","it":[{"ind":0,"ty":"sh","ix":1,"ks":{"a":0,"k":{"i":[[0,-20.762],[80.081,0],[0,20.762],[-80.081,0]],"o":[[0,20.762],[-80.081,0],[0,-20.762],[80.081,0]],"v":[[145,0],[0,37.593],[-145,0],[0,-37.593]],"c":true},"ix":2},"nm":"Path 1","mn":"ADBE Vector Shape - Group","hd":false},{"ty":"fl","c":{"a":0,"k":[0.520378322227,0.624639593386,0.639805453431,1],"ix":4},"o":{"a":0,"k":100,"ix":5},"r":1,"bm":0,"nm":"Fill 1","mn":"ADBE Vector Graphic - Fill","hd":false},{"ty":"tr","p":{"a":0,"k":[145.25,37.843],"ix":2},"a":{"a":0,"k":[0,0],"ix":1},"s":{"a":0,"k":[100,100],"ix":3},"r":{"a":0,"k":0,"ix":6},"o":{"a":0,"k":100,"ix":7},"sk":{"a":0,"k":0,"ix":4},"sa":{"a":0,"k":0,"ix":5},"nm":"Transform"}],"nm":"Group 2","np":2,"cix":2,"bm":0,"ix":2,"mn":"ADBE Vector Group","hd":false}],"ip":0,"op":300,"st":0,"bm":0}],"markers":[],"chars":[{"ch":"4","size":17.7000007629395,"style":"Regular","w":62.9,"data":{"shapes":[{"ty":"gr","it":[{"ind":0,"ty":"sh","ix":1,"ks":{"a":0,"k":{"i":[[0,0],[0,0],[0,0],[0,0],[0,0],[0,0],[0,0],[0,0],[0,0],[0,0],[0,0]],"o":[[0,0],[0,0],[0,0],[0,0],[0,0],[0,0],[0,0],[0,0],[0,0],[0,0],[0,0]],"v":[[41.29,0],[50.354,0],[50.354,-16.214],[60.425,-16.214],[60.425,-24.17],[50.354,-24.17],[50.354,-72.107],[39.377,-72.107],[4.028,-23.163],[4.028,-16.214],[41.29,-16.214]],"c":true},"ix":2},"nm":"4","mn":"ADBE Vector Shape - Group","hd":false},{"ind":1,"ty":"sh","ix":2,"ks":{"a":0,"k":{"i":[[0,0],[0,0],[0,0]],"o":[[0,0],[0,0],[0,0]],"v":[[14.603,-24.17],[41.693,-62.54],[41.693,-24.17]],"c":true},"ix":2},"nm":"4","mn":"ADBE Vector Shape - Group","hd":false}],"nm":"4","np":5,"cix":2,"bm":0,"ix":1,"mn":"ADBE Vector Group","hd":false}]},"fFamily":"Poppins"},{"ch":"0","size":17.7000007629395,"style":"Regular","w":62.8,"data":{"shapes":[{"ty":"gr","it":[{"ind":0,"ty":"sh","ix":1,"ks":{"a":0,"k":{"i":[[0,-20.847],[-20.142,0],[0,21.149],[20.041,0]],"o":[[0,21.149],[20.041,0],[0,-20.847],[-20.142,0]],"v":[[6.244,-37.161],[31.622,0],[56.9,-37.161],[31.622,-73.92]],"c":true},"ix":2},"nm":"0","mn":"ADBE Vector Shape - Group","hd":false},{"ind":1,"ty":"sh","ix":2,"ks":{"a":0,"k":{"i":[[0,-15.106],[14.301,0],[0,15.71],[-14.401,0]],"o":[[0,15.71],[-14.401,0],[0,-15.106],[14.301,0]],"v":[[47.836,-37.161],[31.622,-8.359],[15.308,-37.161],[31.622,-65.561]],"c":true},"ix":2},"nm":"0","mn":"ADBE Vector Shape - Group","hd":false}],"nm":"0","np":5,"cix":2,"bm":0,"ix":1,"mn":"ADBE Vector Group","hd":false}]},"fFamily":"Poppins"},{"ch":"E","size":17.7000007629395,"style":"Regular","w":51.3,"data":{"shapes":[{"ty":"gr","it":[{"ind":0,"ty":"sh","ix":1,"ks":{"a":0,"k":{"i":[[0,0],[0,0],[0,0],[0,0],[0,0],[0,0],[0,0],[0,0],[0,0],[0,0],[0,0],[0,0]],"o":[[0,0],[0,0],[0,0],[0,0],[0,0],[0,0],[0,0],[0,0],[0,0],[0,0],[0,0],[0,0]],"v":[[45.52,-70.294],[7.755,-70.294],[7.755,0],[45.52,0],[45.52,-7.553],[16.919,-7.553],[16.919,-31.723],[42.499,-31.723],[42.499,-39.276],[16.919,-39.276],[16.919,-62.741],[45.52,-62.741]],"c":true},"ix":2},"nm":"E","mn":"ADBE Vector Shape - Group","hd":false}],"nm":"E","np":3,"cix":2,"bm":0,"ix":1,"mn":"ADBE Vector Group","hd":false}]},"fFamily":"Poppins"},{"ch":"R","size":17.7000007629395,"style":"Regular","w":60.8,"data":{"shapes":[{"ty":"gr","it":[{"ind":0,"ty":"sh","ix":1,"ks":{"a":0,"k":{"i":[[0,-7.956],[10.373,0],[0,0],[0,0],[0,0]],"o":[[0,7.855],[0,0],[0,0],[0,0],[10.474,0]],"v":[[45.319,-49.548],[30.414,-36.053],[16.919,-36.053],[16.919,-62.64],[30.414,-62.64]],"c":true},"ix":2},"nm":"R","mn":"ADBE Vector Shape - Group","hd":false},{"ind":1,"ty":"sh","ix":2,"ks":{"a":0,"k":{"i":[[0,0],[0,0],[0,0],[0,0],[0,0],[0,0],[0,0],[0,0],[0,8.963],[16.516,0]],"o":[[0,0],[0,0],[0,0],[0,0],[0,0],[0,0],[0,0],[11.783,-2.618],[0,-11.481],[0,0]],"v":[[7.755,-70.193],[7.755,0],[16.919,0],[16.919,-28.702],[27.997,-28.702],[44.714,0],[55.692,0],[38.068,-29.407],[54.785,-49.548],[30.414,-70.193]],"c":true},"ix":2},"nm":"R","mn":"ADBE Vector Shape - Group","hd":false}],"nm":"R","np":5,"cix":2,"bm":0,"ix":1,"mn":"ADBE Vector Group","hd":false}]},"fFamily":"Poppins"},{"ch":"O","size":17.7000007629395,"style":"Regular","w":78.6,"data":{"shapes":[{"ty":"gr","it":[{"ind":0,"ty":"sh","ix":1,"ks":{"a":0,"k":{"i":[[0,21.048],[19.839,0],[0,-21.048],[-19.739,0]],"o":[[0,-21.048],[-19.739,0],[0,21.048],[19.839,0]],"v":[[74.826,-35.147],[39.578,-70.999],[4.33,-35.147],[39.578,0.705]],"c":true},"ix":2},"nm":"O","mn":"ADBE Vector Shape - Group","hd":false},{"ind":1,"ty":"sh","ix":2,"ks":{"a":0,"k":{"i":[[0,17.12],[-14.804,0],[0,-17.221],[14.804,0]],"o":[[0,-17.221],[14.804,0],[0,17.12],[-14.804,0]],"v":[[13.696,-35.147],[39.578,-63.043],[65.46,-35.147],[39.578,-7.251]],"c":true},"ix":2},"nm":"O","mn":"ADBE Vector Shape - Group","hd":false}],"nm":"O","np":5,"cix":2,"bm":0,"ix":1,"mn":"ADBE Vector Group","hd":false}]},"fFamily":"Poppins"}]}