{"v":"5.7.11","fr":25,"ip":0,"op":150,"w":1080,"h":1080,"nm":"MASTER - Sport Winners Podium","ddd":0,"assets":[{"id":"comp_0","layers":[{"ddd":0,"ind":2,"ty":4,"nm":"winner Konturen","sr":1,"ks":{"o":{"a":0,"k":100,"ix":11},"r":{"a":0,"k":0,"ix":10},"p":{"a":0,"k":[540,577,0],"ix":2,"l":2},"a":{"a":0,"k":[540,540,0],"ix":1,"l":2},"s":{"a":0,"k":[100,100,100],"ix":6,"l":2}},"ao":0,"shapes":[{"ty":"gr","it":[{"ind":0,"ty":"sh","ix":1,"ks":{"a":0,"k":{"i":[[0,0],[5.584,-11.969],[-5.868,-11.833],[-9.977,1.483],[-3.195,6.158],[-1.132,6.845],[2.9,9.605],[9.989,-0.939]],"o":[[-12.837,3.106],[-5.585,11.969],[4.481,9.037],[6.863,-1.02],[3.196,-6.158],[1.636,-9.898],[-2.9,-9.604],[0,0]],"v":[[8.17,-38.55],[-21.477,-14.288],[-21.021,24.017],[2.64,39.506],[18.311,27.01],[23.812,7.033],[24.163,-22.785],[2.398,-40.05]],"c":false},"ix":2},"nm":"Pfad 1","mn":"ADBE Vector Shape - Group","hd":false},{"ty":"st","c":{"a":0,"k":[0.2235294117647059,0.0392156862745098,0.0392156862745098,1],"ix":3},"o":{"a":0,"k":100,"ix":4},"w":{"a":0,"k":2.292,"ix":5},"lc":1,"lj":1,"ml":10,"bm":0,"nm":"Kontur 1","mn":"ADBE Vector Graphic - Stroke","hd":false},{"ty":"fl","c":{"a":0,"k":[1,0.6509803921568628,0.18823529411764706,1],"ix":4},"o":{"a":0,"k":100,"ix":5},"r":1,"bm":0,"nm":"Fläche 1","mn":"ADBE Vector Graphic - Fill","hd":false},{"ty":"tr","p":{"a":0,"k":[552.106,269.284],"ix":2},"a":{"a":0,"k":[0,0],"ix":1},"s":{"a":0,"k":[100,100],"ix":3},"r":{"a":0,"k":0,"ix":6},"o":{"a":0,"k":100,"ix":7},"sk":{"a":0,"k":0,"ix":4},"sa":{"a":0,"k":0,"ix":5},"nm":"Transformieren"}],"nm":"Gruppe 1","np":3,"cix":2,"bm":0,"ix":1,"mn":"ADBE Vector Group","hd":false},{"ty":"gr","it":[{"ind":0,"ty":"sh","ix":1,"ks":{"a":0,"k":{"i":[[0,0],[6.392,-56.578],[-32.513,-46.742],[-10.418,5.36],[4.375,11.694],[8.859,23.679],[-4.135,16.762],[-15.386,-7.831],[-21.72,-49.548],[-11.726,-7.55],[-8.178,11.297],[9.97,15.056],[-20.265,97.735]],"o":[[-42.122,38.312],[-6.392,56.579],[6.691,9.619],[11.102,-5.713],[-8.859,-23.68],[-6.05,-16.17],[4.136,-16.761],[-2.897,54.022],[5.598,12.772],[11.725,7.55],[10.588,-14.626],[-55.107,-83.222],[0,0]],"v":[[-10.204,-172.521],[-86.292,-23.696],[-45.323,138.353],[-16.695,152.783],[-12.706,118.96],[-39.284,47.921],[-47.337,-2.408],[-8.589,-25.366],[20.171,132.872],[44.385,166.227],[82.096,162.238],[71.499,112.689],[16.341,-173.777]],"c":false},"ix":2},"nm":"Pfad 1","mn":"ADBE Vector Shape - Group","hd":false},{"ty":"st","c":{"a":0,"k":[0.2235294117647059,0.0392156862745098,0.0392156862745098,1],"ix":3},"o":{"a":0,"k":100,"ix":4},"w":{"a":0,"k":2.292,"ix":5},"lc":1,"lj":1,"ml":10,"bm":0,"nm":"Kontur 1","mn":"ADBE Vector Graphic - Stroke","hd":false},{"ty":"fl","c":{"a":0,"k":[1,0.6509803921568628,0.18823529411764706,1],"ix":4},"o":{"a":0,"k":100,"ix":5},"r":1,"bm":0,"nm":"Fläche 1","mn":"ADBE Vector Graphic - Fill","hd":false},{"ty":"tr","p":{"a":0,"k":[551.38,453.724],"ix":2},"a":{"a":0,"k":[0,0],"ix":1},"s":{"a":0,"k":[100,100],"ix":3},"r":{"a":0,"k":0,"ix":6},"o":{"a":0,"k":100,"ix":7},"sk":{"a":0,"k":0,"ix":4},"sa":{"a":0,"k":0,"ix":5},"nm":"Transformieren"}],"nm":"Gruppe 2","np":3,"cix":2,"bm":0,"ix":2,"mn":"ADBE Vector Group","hd":false},{"ty":"gr","it":[{"ind":0,"ty":"sh","ix":1,"ks":{"a":0,"k":{"i":[[0,0],[7.158,12.605],[-1.101,14.453],[-0.013,14.495],[6.931,2.5],[3.474,-8.583],[-9.52,-26.039],[-24.525,-12.93]],"o":[[-14.189,2.963],[-7.159,-12.604],[1.101,-14.454],[0.007,-7.368],[-8.71,-3.142],[-10.402,25.7],[9.52,26.039],[0,0]],"v":[[39.328,45.885],[3.295,27.062],[-3.711,-15.2],[0.373,-58.47],[-8.398,-77.208],[-28.424,-62.189],[-29.809,19.114],[23.69,80.35]],"c":false},"ix":2},"nm":"Pfad 1","mn":"ADBE Vector Shape - Group","hd":false},{"ty":"st","c":{"a":0,"k":[0.2235294117647059,0.0392156862745098,0.0392156862745098,1],"ix":3},"o":{"a":0,"k":100,"ix":4},"w":{"a":0,"k":2.292,"ix":5},"lc":1,"lj":1,"ml":10,"bm":0,"nm":"Kontur 1","mn":"ADBE Vector Graphic - Stroke","hd":false},{"ty":"fl","c":{"a":0,"k":[1,0.6509803921568628,0.18823529411764706,1],"ix":4},"o":{"a":0,"k":100,"ix":5},"r":1,"bm":0,"nm":"Fläche 1","mn":"ADBE Vector Graphic - Fill","hd":false},{"ty":"tr","p":{"a":0,"k":[472.786,279.415],"ix":2},"a":{"a":0,"k":[0,0],"ix":1},"s":{"a":0,"k":[100,100],"ix":3},"r":{"a":0,"k":0,"ix":6},"o":{"a":0,"k":100,"ix":7},"sk":{"a":0,"k":0,"ix":4},"sa":{"a":0,"k":0,"ix":5},"nm":"Transformieren"}],"nm":"Gruppe 3","np":3,"cix":2,"bm":0,"ix":3,"mn":"ADBE Vector Group","hd":false},{"ty":"gr","it":[{"ind":0,"ty":"sh","ix":1,"ks":{"a":0,"k":{"i":[[0,0],[-10.447,6.377],[-1.739,12.116],[-1.085,12.191],[-5.276,11.002],[-7.576,-2.554],[-0.761,-6.697],[5.302,-22.784],[20.993,-10.319],[13.187,19.321]],"o":[[4.902,11.215],[10.447,-6.376],[1.738,-12.115],[1.082,-12.153],[3.458,-7.209],[6.387,2.153],[2.644,23.242],[-5.302,22.783],[-20.993,10.319],[0,0]],"v":[[-37.687,33.012],[-6.155,40.491],[11.278,9.535],[12.993,-27.121],[22.633,-62.23],[40.561,-74.736],[49.545,-57.889],[48.685,11.928],[8.938,66.97],[-53.986,53.517]],"c":false},"ix":2},"nm":"Pfad 1","mn":"ADBE Vector Shape - Group","hd":false},{"ty":"st","c":{"a":0,"k":[0.2235294117647059,0.0392156862745098,0.0392156862745098,1],"ix":3},"o":{"a":0,"k":100,"ix":4},"w":{"a":0,"k":2.292,"ix":5},"lc":1,"lj":1,"ml":10,"bm":0,"nm":"Kontur 1","mn":"ADBE Vector Graphic - Stroke","hd":false},{"ty":"fl","c":{"a":0,"k":[1,0.6509803921568628,0.18823529411764706,1],"ix":4},"o":{"a":0,"k":100,"ix":5},"r":1,"bm":0,"nm":"Fläche 1","mn":"ADBE Vector Graphic - Fill","hd":false},{"ty":"tr","p":{"a":0,"k":[592.115,288.737],"ix":2},"a":{"a":0,"k":[0,0],"ix":1},"s":{"a":0,"k":[100,100],"ix":3},"r":{"a":0,"k":0,"ix":6},"o":{"a":0,"k":100,"ix":7},"sk":{"a":0,"k":0,"ix":4},"sa":{"a":0,"k":0,"ix":5},"nm":"Transformieren"}],"nm":"Gruppe 4","np":3,"cix":2,"bm":0,"ix":4,"mn":"ADBE Vector Group","hd":false}],"ip":0,"op":199,"st":0,"bm":0},{"ddd":0,"ind":3,"ty":4,"nm":"2nd Konturen","sr":1,"ks":{"o":{"a":0,"k":100,"ix":11},"r":{"a":0,"k":0,"ix":10},"p":{"a":1,"k":[{"i":{"x":0.833,"y":0.833},"o":{"x":0.167,"y":0.167},"t":-26,"s":[508,-199,0],"to":[0,123.167,0],"ti":[0,-123.167,0]},{"t":-21,"s":[508,540,0]}],"ix":2,"l":2},"a":{"a":0,"k":[540,540,0],"ix":1,"l":2},"s":{"a":0,"k":[100,100,100],"ix":6,"l":2}},"ao":0,"shapes":[{"ty":"gr","it":[{"ind":0,"ty":"sh","ix":1,"ks":{"a":0,"k":{"i":[[0,0],[11.65,-43.27],[-6.937,-14.24],[-11.342,11.057],[-5.666,23.581],[-4.572,5.585],[-6.883,-2.172],[-0.396,-11.372],[-0.746,-21.459],[-6.889,3.345],[-1.067,7.584],[1.421,7.526],[9.214,48.804]],"o":[[-26.374,36.227],[-4.119,15.295],[6.938,14.24],[-0.798,-24.239],[1.686,-7.017],[4.571,-5.584],[10.851,3.425],[0.746,21.458],[2.918,7.081],[6.89,-3.345],[1.067,-7.585],[-9.214,-48.804],[0,0]],"v":[[0.118,-90.07],[-57.564,30.529],[-57.727,76.995],[-18.553,88.115],[-11.206,15.949],[-2.869,-3.826],[16.263,-10.87],[29.831,17.995],[32.069,82.371],[51.615,88.568],[63.596,70.041],[61.816,47.241],[34.173,-99.172]],"c":false},"ix":2},"nm":"Pfad 1","mn":"ADBE Vector Shape - Group","hd":false},{"ty":"st","c":{"a":0,"k":[0.2235294117647059,0.0392156862745098,0.0392156862745098,1],"ix":3},"o":{"a":0,"k":100,"ix":4},"w":{"a":0,"k":2.292,"ix":5},"lc":1,"lj":1,"ml":10,"bm":0,"nm":"Kontur 1","mn":"ADBE Vector Graphic - Stroke","hd":false},{"ty":"fl","c":{"a":0,"k":[0.9607843137254902,0.6509803921568628,0.13725490196078433,1],"ix":4},"o":{"a":0,"k":100,"ix":5},"r":1,"bm":0,"nm":"Fläche 1","mn":"ADBE Vector Graphic - Fill","hd":false},{"ty":"tr","p":{"a":0,"k":[236.342,608.871],"ix":2},"a":{"a":0,"k":[0,0],"ix":1},"s":{"a":0,"k":[100,100],"ix":3},"r":{"a":0,"k":0,"ix":6},"o":{"a":0,"k":100,"ix":7},"sk":{"a":0,"k":0,"ix":4},"sa":{"a":0,"k":0,"ix":5},"nm":"Transformieren"}],"nm":"Gruppe 1","np":3,"cix":2,"bm":0,"ix":1,"mn":"ADBE Vector Group","hd":false},{"ty":"gr","it":[{"ind":0,"ty":"sh","ix":1,"ks":{"a":0,"k":{"i":[[0,0],[9.687,8.896],[4.128,12.487],[-3.965,15.609],[-16.073,1.01],[-5.352,-19.384],[-19.645,-4.294],[-3.723,12.801],[4.451,12.567],[4.129,4.808],[6.321,-0.455],[2.789,-7.417],[-0.159,-7.922],[-5.01,-9.057],[-9.573,3.934],[-2.252,18.09],[2.318,8.254],[-2.156,8.298],[-8.493,-1.171],[-3.311,-3.128],[18.766,-23.911],[25.527,16.501]],"o":[[-12.009,5.362],[-9.686,-8.895],[-5.055,-15.291],[3.964,-15.609],[-2.928,19.895],[5.352,19.384],[13.025,2.848],[3.723,-12.802],[-2.115,-5.974],[-4.128,-4.808],[-7.904,0.568],[-2.789,7.417],[0.208,10.348],[5.01,9.057],[16.912,6.804],[1.059,-8.508],[-2.318,-8.254],[2.156,-8.298],[4.513,0.622],[22.096,20.874],[-18.766,23.911],[0,0]],"v":[[-23.16,54.793],[-59.543,46.763],[-78.891,12.879],[-83.326,-34.565],[-50.326,-65.408],[-50.795,-5.543],[-5.826,34.745],[23.89,13.867],[19.868,-25.257],[11.177,-42.04],[-5.384,-49.887],[-22.503,-35.288],[-25.011,-11.801],[-19.465,18.422],[6.414,30.03],[38.32,10.858],[34.446,-14.382],[32.231,-39.692],[50.655,-54.283],[62.363,-47.676],[68.524,35.194],[-13.435,48.907]],"c":false},"ix":2},"nm":"Pfad 1","mn":"ADBE Vector Shape - Group","hd":false},{"ty":"st","c":{"a":0,"k":[0.2235294117647059,0.0392156862745098,0.0392156862745098,1],"ix":3},"o":{"a":0,"k":100,"ix":4},"w":{"a":0,"k":2.292,"ix":5},"lc":1,"lj":1,"ml":10,"bm":0,"nm":"Kontur 1","mn":"ADBE Vector Graphic - Stroke","hd":false},{"ty":"fl","c":{"a":0,"k":[0.9607843137254902,0.6509803921568628,0.13725490196078433,1],"ix":4},"o":{"a":0,"k":100,"ix":5},"r":1,"bm":0,"nm":"Fläche 1","mn":"ADBE Vector Graphic - Fill","hd":false},{"ty":"tr","p":{"a":0,"k":[252.555,480.081],"ix":2},"a":{"a":0,"k":[0,0],"ix":1},"s":{"a":0,"k":[100,100],"ix":3},"r":{"a":0,"k":0,"ix":6},"o":{"a":0,"k":100,"ix":7},"sk":{"a":0,"k":0,"ix":4},"sa":{"a":0,"k":0,"ix":5},"nm":"Transformieren"}],"nm":"Gruppe 2","np":3,"cix":2,"bm":0,"ix":2,"mn":"ADBE Vector Group","hd":false}],"ip":0,"op":199,"st":-26,"bm":0},{"ddd":0,"ind":4,"ty":4,"nm":"3rd Konturen","sr":1,"ks":{"o":{"a":0,"k":100,"ix":11},"r":{"a":0,"k":0,"ix":10},"p":{"a":1,"k":[{"i":{"x":0.833,"y":0.833},"o":{"x":0.167,"y":0.167},"t":-46,"s":[540,-229,0],"to":[0,128.167,0],"ti":[0,-128.167,0]},{"t":-41,"s":[540,540,0]}],"ix":2,"l":2},"a":{"a":0,"k":[540,540,0],"ix":1,"l":2},"s":{"a":0,"k":[100,100,100],"ix":6,"l":2}},"ao":0,"shapes":[{"ty":"gr","it":[{"ind":0,"ty":"sh","ix":1,"ks":{"a":0,"k":{"i":[[0,0],[4.936,33.18],[0.264,7.271],[-5.91,4.243],[-6.369,-6.805],[-0.65,-9.297],[16.354,-18.311],[24.529,-1.053]],"o":[[32.739,-7.307],[-1.07,-7.196],[-0.264,-7.27],[7.571,-5.436],[6.37,6.804],[1.715,24.492],[-16.354,18.312],[0,0]],"v":[[-46.158,54.827],[5.625,-20.58],[2.049,-42.089],[9.857,-61.524],[35.11,-57.361],[44.443,-31.589],[21.236,36.263],[-43.573,66.96]],"c":false},"ix":2},"nm":"Pfad 1","mn":"ADBE Vector Shape - Group","hd":false},{"ty":"st","c":{"a":0,"k":[0.2235294117647059,0.0392156862745098,0.0392156862745098,1],"ix":3},"o":{"a":0,"k":100,"ix":4},"w":{"a":0,"k":2.292,"ix":5},"lc":1,"lj":1,"ml":10,"bm":0,"nm":"Kontur 1","mn":"ADBE Vector Graphic - Stroke","hd":false},{"ty":"fl","c":{"a":0,"k":[0.9607843137254902,0.6509803921568628,0.13725490196078433,1],"ix":4},"o":{"a":0,"k":100,"ix":5},"r":1,"bm":0,"nm":"Fläche 1","mn":"ADBE Vector Graphic - Fill","hd":false},{"ty":"tr","p":{"a":0,"k":[950.76,530.021],"ix":2},"a":{"a":0,"k":[0,0],"ix":1},"s":{"a":0,"k":[100,100],"ix":3},"r":{"a":0,"k":0,"ix":6},"o":{"a":0,"k":100,"ix":7},"sk":{"a":0,"k":0,"ix":4},"sa":{"a":0,"k":0,"ix":5},"nm":"Transformieren"}],"nm":"Gruppe 1","np":3,"cix":2,"bm":0,"ix":1,"mn":"ADBE Vector Group","hd":false},{"ty":"gr","it":[{"ind":0,"ty":"sh","ix":1,"ks":{"a":0,"k":{"i":[[0,0],[13.119,-29.489],[-6.835,-31.544],[8.557,39.718],[-3.376,0.117],[0.03,-20.349],[-3.095,-6.7],[-7.281,1.209],[-0.87,11.071],[6.962,54.093]],"o":[[-3.913,32.038],[-13.119,29.49],[36.932,-16.934],[3.376,-0.118],[-0.029,20.349],[-0.011,7.379],[3.095,6.699],[10.955,-1.819],[4.274,-54.371],[0,0]],"v":[[2.984,-85.549],[-29.858,5.099],[-46.947,98.721],[3.569,-2.135],[13.696,-2.487],[13.607,58.56],[16.737,80.29],[34.174,91.251],[49.507,64.556],[45.461,-98.721]],"c":false},"ix":2},"nm":"Pfad 1","mn":"ADBE Vector Shape - Group","hd":false},{"ty":"st","c":{"a":0,"k":[0.2235294117647059,0.0392156862745098,0.0392156862745098,1],"ix":3},"o":{"a":0,"k":100,"ix":4},"w":{"a":0,"k":2.292,"ix":5},"lc":1,"lj":1,"ml":10,"bm":0,"nm":"Kontur 1","mn":"ADBE Vector Graphic - Stroke","hd":false},{"ty":"fl","c":{"a":0,"k":[0.9607843137254902,0.6509803921568628,0.13725490196078433,1],"ix":4},"o":{"a":0,"k":100,"ix":5},"r":1,"bm":0,"nm":"Fläche 1","mn":"ADBE Vector Graphic - Fill","hd":false},{"ty":"tr","p":{"a":0,"k":[877.161,655.83],"ix":2},"a":{"a":0,"k":[0,0],"ix":1},"s":{"a":0,"k":[100,100],"ix":3},"r":{"a":0,"k":0,"ix":6},"o":{"a":0,"k":100,"ix":7},"sk":{"a":0,"k":0,"ix":4},"sa":{"a":0,"k":0,"ix":5},"nm":"Transformieren"}],"nm":"Gruppe 2","np":3,"cix":2,"bm":0,"ix":2,"mn":"ADBE Vector Group","hd":false},{"ty":"gr","it":[{"ind":0,"ty":"sh","ix":1,"ks":{"a":0,"k":{"i":[[0,0],[11.764,9.541],[11.907,9.362],[5.788,-5.933],[-1.201,-5.445],[-23.214,-8.783],[-20.051,14.628]],"o":[[-13.796,6.254],[-11.764,-9.542],[-6.516,-5.123],[-3.894,3.991],[5.347,24.237],[23.213,8.782],[0,0]],"v":[[41.508,7.707],[-0.541,-1.846],[-33.216,-33.366],[-55.641,-36.367],[-58.003,-20.516],[-11.265,33.518],[59.534,23.951]],"c":false},"ix":2},"nm":"Pfad 1","mn":"ADBE Vector Shape - Group","hd":false},{"ty":"st","c":{"a":0,"k":[0.2235294117647059,0.0392156862745098,0.0392156862745098,1],"ix":3},"o":{"a":0,"k":100,"ix":4},"w":{"a":0,"k":2.292,"ix":5},"lc":1,"lj":1,"ml":10,"bm":0,"nm":"Kontur 1","mn":"ADBE Vector Graphic - Stroke","hd":false},{"ty":"fl","c":{"a":0,"k":[0.9607843137254902,0.6509803921568628,0.13725490196078433,1],"ix":4},"o":{"a":0,"k":100,"ix":5},"r":1,"bm":0,"nm":"Fläche 1","mn":"ADBE Vector Graphic - Fill","hd":false},{"ty":"tr","p":{"a":0,"k":[848.164,559.498],"ix":2},"a":{"a":0,"k":[0,0],"ix":1},"s":{"a":0,"k":[100,100],"ix":3},"r":{"a":0,"k":0,"ix":6},"o":{"a":0,"k":100,"ix":7},"sk":{"a":0,"k":0,"ix":4},"sa":{"a":0,"k":0,"ix":5},"nm":"Transformieren"}],"nm":"Gruppe 3","np":3,"cix":2,"bm":0,"ix":3,"mn":"ADBE Vector Group","hd":false},{"ty":"gr","it":[{"ind":0,"ty":"sh","ix":1,"ks":{"a":0,"k":{"i":[[0,0],[-7.77,-13.401],[-10.41,-1.289],[-2.979,13.835],[10.698,9.264],[14.128,0.813]],"o":[[-5.309,14.552],[5.261,9.075],[14.044,1.74],[2.978,-13.834],[-10.698,-9.265],[0,0]],"v":[[-28.333,-25.957],[-24.387,18.871],[-0.039,37],[30.665,13.49],[16.504,-24.407],[-22.647,-38.74]],"c":false},"ix":2},"nm":"Pfad 1","mn":"ADBE Vector Shape - Group","hd":false},{"ty":"st","c":{"a":0,"k":[0.2235294117647059,0.0392156862745098,0.0392156862745098,1],"ix":3},"o":{"a":0,"k":100,"ix":4},"w":{"a":0,"k":2.292,"ix":5},"lc":1,"lj":1,"ml":10,"bm":0,"nm":"Kontur 1","mn":"ADBE Vector Graphic - Stroke","hd":false},{"ty":"fl","c":{"a":0,"k":[0.9607843137254902,0.6509803921568628,0.13725490196078433,1],"ix":4},"o":{"a":0,"k":100,"ix":5},"r":1,"bm":0,"nm":"Fläche 1","mn":"ADBE Vector Graphic - Fill","hd":false},{"ty":"tr","p":{"a":0,"k":[899.378,538.586],"ix":2},"a":{"a":0,"k":[0,0],"ix":1},"s":{"a":0,"k":[100,100],"ix":3},"r":{"a":0,"k":0,"ix":6},"o":{"a":0,"k":100,"ix":7},"sk":{"a":0,"k":0,"ix":4},"sa":{"a":0,"k":0,"ix":5},"nm":"Transformieren"}],"nm":"Gruppe 4","np":3,"cix":2,"bm":0,"ix":4,"mn":"ADBE Vector Group","hd":false}],"ip":0,"op":199,"st":-51,"bm":0},{"ddd":0,"ind":5,"ty":4,"nm":"lorbeer Konturen","sr":1,"ks":{"o":{"a":0,"k":100,"ix":11},"r":{"a":0,"k":0,"ix":10},"p":{"a":0,"k":[540,540,0],"ix":2,"l":2},"a":{"a":0,"k":[540,540,0],"ix":1,"l":2},"s":{"a":0,"k":[100,100,100],"ix":6,"l":2}},"ao":0,"shapes":[{"ty":"gr","it":[{"ind":0,"ty":"sh","ix":1,"ks":{"a":0,"k":{"i":[[15.165,3.723],[4.547,11.849],[0,0],[-7.459,-13.046],[-4.283,-3.266],[8.161,3.779],[2.548,12.375],[0,0],[-5.153,-13.967],[-3.672,-3.971],[4.669,2.958],[2.573,1.751],[0.526,12.687],[0,0],[-2.788,-14.425],[-3.117,-4.694],[6.412,6.702],[-1.487,12.433],[0,0],[-0.426,-14.436],[-2.22,-5.048],[5.147,7.621],[-3.306,11.465],[0,0],[1.842,-14.017],[-1.265,-5.117],[3.754,8.058],[-5.063,10.602],[0,0],[3.981,-13.19],[-0.481,-5.343],[2.465,8.864],[-6.706,9.509],[0,0],[5.904,-11.996],[0.334,-5.449],[0.907,9.641],[-8.062,8.045],[0,0],[7.578,-10.489],[1.172,-5.216],[-0.592,9.847],[-9.293,6.448],[0,0],[8.962,-8.709],[1.955,-5.025],[-2.405,10.101],[-9.915,4.472],[0,0],[10.017,-6.764],[2.664,-4.418],[-3.886,9.316],[-10.261,2.491],[0,0],[10.74,-4.673],[3.267,-3.783],[-5.248,8.417],[-10.734,0.531],[0,0],[11.092,-2.537],[3.799,-3.209],[-6.74,7.338],[-10.912,-1.541],[0,0],[11.108,-0.397],[4.089,-2.452],[-3.83,3.233],[-4.172,3.209],[-10.192,-3.464],[0,0],[10.768,1.676],[4.359,-1.598],[-7.939,4.135],[-9.793,-5.499],[0,0],[10.132,3.606],[4.153,-0.776],[-5.003,1.874],[-6.467,2.41],[0,0],[5.926,-1.09],[1.245,-1.696],[5.539,-2.488],[-2.528,5.187],[0,0],[3.293,-10.605],[-0.491,-2.314],[9.845,-6.778],[-1.576,5.331],[0,0],[1.577,-11.288],[-0.966,-2.502],[5.5,-4.814],[2.418,-2.262],[-0.635,4.942],[0,0],[-0.26,-11.649],[-1.638,-2.914],[6.177,-8.679],[0.164,4.836],[0,0],[-2.172,-11.657],[-2.132,-2.63],[4.733,-9.754],[0.984,4.948],[0,0],[-4.082,-11.29],[-2.534,-2.192],[3.037,-9.932],[1.656,4.418],[0,0],[-5.952,-10.569],[-3.103,-1.873],[1.336,-9.75],[2.114,3.647],[0,0],[-7.697,-9.473],[-3.653,-1.449],[-0.415,-9.655],[2.664,3.193],[0,0],[-9.287,-8.043],[-3.859,-0.728],[-1.68,-8.781],[3.103,2.622],[0,0],[-10.65,-6.299],[-4.1,-0.013],[-3.121,-8.32],[3.605,2.078],[0,0],[-11.724,-4.285],[-4.085,0.77],[-4.378,-7.675],[4.026,1.407],[0,0],[-12.477,-2.05],[-3.971,1.563],[-5.185,-6.482],[3.91,0.586],[0,0],[-12.878,0.34],[-3.952,2.395],[-5.809,-5.097],[3.674,-0.149],[0,0],[-12.893,2.819],[-3.658,3.209],[-4.119,-2.465],[-2.548,-1.485],[3.833,-0.894],[0,0],[-12.494,5.308],[-3.092,3.881],[-6.579,-2.401],[3.634,-1.605],[0,0],[-11.687,7.741],[-2.497,4.513],[0,0],[0,0],[0,0]],"o":[[0.405,-5.349],[-5.254,-13.712],[0,0],[2.405,4.205],[-6.841,-2.134],[1.238,-5.052],[-2.918,-14.201],[0,0],[1.69,4.558],[-4.455,-2.353],[-2.566,-1.51],[1.973,-4.532],[-0.585,-14.244],[0,0],[0.976,5.062],[-6.696,-5.211],[2.6,-3.965],[1.674,-13.848],[0,0],[0.148,4.984],[-5.714,-6.567],[3.187,-3.456],[3.788,-13.061],[0,0],[-0.605,4.588],[-4.484,-7.337],[3.571,-2.693],[5.703,-11.904],[0,0],[-1.367,4.538],[-3.446,-8.296],[3.78,-1.852],[7.369,-10.439],[0,0],[-2.177,4.389],[-2.169,-9.182],[3.87,-1.046],[8.759,-8.722],[0,0],[-2.817,3.873],[-0.859,-10.036],[3.741,-0.248],[9.814,-6.801],[0,0],[-3.592,3.494],[0.984,-10.59],[3.692,0.445],[10.539,-4.75],[0,0],[-3.879,2.615],[2.735,-10.088],[3.497,1.108],[10.925,-2.635],[0,0],[-4.177,1.814],[4.323,-9.571],[2.931,1.624],[10.947,-0.529],[0,0],[-4.783,1.088],[6.026,-9.183],[2.259,1.917],[10.655,1.512],[0,0],[-5.256,0.183],[3.724,-3.888],[4.288,-3.88],[1.949,2.334],[10.039,3.421],[0,0],[-5.029,-0.776],[9.411,-6.969],[1.214,2.175],[9.158,5.167],[0,0],[-5.288,-1.872],[7.081,-3.577],[2.158,1.145],[9.65,-3.598],[0,0],[-7.414,1.377],[-4.122,1.407],[3.571,-2.657],[4.995,-10.236],[0,0],[-3.566,11.499],[-8.06,3.781],[3.232,-3.52],[3.349,-11.238],[0,0],[-1.669,11.94],[-5.275,3.774],[-2.444,2],[2.595,-4.233],[1.526,-11.931],[0,0],[0.259,11.556],[-6.767,6.828],[1.839,-4.7],[-0.423,-12.284],[0,0],[2.137,11.521],[-5.653,8.462],[1.117,-5.116],[-2.434,-12.263],[0,0],[4.061,11.253],[-4.121,9.126],[0.209,-5.175],[-4.444,-11.854],[0,0],[5.729,10.185],[-2.511,9.267],[-0.698,-4.851],[-6.399,-11.055],[0,0],[7.122,8.765],[-0.865,9.402],[-1.489,-4.679],[-8.245,-9.89],[0,0],[8.661,7.508],[0.553,9.126],[-2.227,-4.307],[-9.906,-8.349],[0,0],[9.774,5.781],[2.15,8.828],[-2.965,-3.937],[-11.322,-6.482],[0,0],[10.832,3.95],[3.587,8.369],[-3.663,-3.457],[-12.422,-4.347],[0,0],[11.542,1.895],[4.64,7.338],[-4,-2.508],[-13.198,-1.98],[0,0],[11.472,-0.302],[5.508,6.171],[-4.119,-1.548],[-13.583,0.545],[0,0],[11.269,-2.466],[4.116,3.073],[2.608,1.683],[-4.54,-0.822],[-13.557,3.159],[0,0],[11.078,-4.711],[7.507,3.808],[-4.634,0.066],[-13.11,5.779],[0,0],[10.311,-6.82],[18.763,5.39],[0,0],[0,0],[0,0]],"v":[[81.6,205.293],[77.423,177.589],[56.327,157.968],[59.956,190.817],[71.212,202.403],[48.597,193.657],[48.949,166.026],[31.66,143.202],[30.017,175.576],[39.215,189.001],[25.525,181.073],[17.812,176.164],[22.608,149.268],[9.508,124.047],[2.842,154.984],[10.244,170.636],[-9.493,152.722],[-0.599,127.56],[-9.281,100.804],[-20.566,129.426],[-16,145.62],[-32.337,124.286],[-20.016,101.871],[-24.195,74.447],[-39.578,99.992],[-37.916,115.642],[-50.312,92.521],[-34.755,73.047],[-34.485,45.804],[-53.344,67.625],[-54.119,83.839],[-63.02,58.075],[-44.688,42.028],[-40.152,15.785],[-61.769,33.365],[-65.139,49.875],[-69.805,21.602],[-49.445,9.457],[-40.948,-15.035],[-64.562,-2.057],[-70.443,13.402],[-70.795,-16.463],[-48.923,-24.444],[-36.879,-46.518],[-61.716,-38.362],[-70.273,-23.362],[-65.149,-54.456],[-42.855,-58.138],[-27.769,-77.225],[-53.023,-73.923],[-63.364,-61.468],[-53.373,-90.625],[-31.29,-90.062],[-13.736,-105.69],[-38.628,-107.173],[-50.619,-96.988],[-36.194,-124.024],[-14.596,-119.205],[4.789,-131.051],[-18.992,-137.067],[-33.327,-128.492],[-14.077,-153.361],[6.342,-144.446],[26.93,-152.299],[4.905,-162.499],[-11.429,-156.195],[-0.073,-166.883],[12.63,-177.478],[30.895,-165.164],[51.986,-168.945],[32.34,-182.858],[15.778,-179.86],[42.043,-196.343],[57.935,-180.736],[78.881,-180.488],[62.104,-197.539],[44.196,-197.447],[62.504,-205.477],[78.272,-203.391],[92.699,-214.044],[76.809,-217.097],[62.089,-206.198],[47.508,-200.437],[60.157,-213.626],[61.324,-238.536],[46.394,-222.595],[44.973,-199.276],[17.844,-183.663],[27.755,-198.657],[24.856,-223.904],[12.46,-205.018],[14.775,-181.499],[-1.42,-168.663],[-8.715,-162.252],[-2.274,-177.507],[-9.313,-202.323],[-18.69,-180.955],[-12.82,-158.265],[-32.343,-134.912],[-28.655,-150.767],[-39.8,-174.354],[-45.717,-151.077],[-36.128,-129.433],[-51.778,-102.05],[-50.571,-119.077],[-65.612,-140.637],[-67.763,-116.115],[-54.537,-96.154],[-65.353,-67.526],[-66.983,-83.586],[-85.621,-102.36],[-83.772,-77.301],[-67.509,-59.97],[-73.31,-31.405],[-77.326,-45.388],[-99.12,-60.67],[-93.174,-35.845],[-74.44,-21.708],[-75.159,6.906],[-81.397,-6.121],[-105.794,-17.304],[-95.769,6.51],[-74.522,17.127],[-71.149,44.017],[-79.347,32.516],[-105.691,25.977],[-91.721,47.975],[-68.834,54.555],[-60.888,80.306],[-71.133,70.142],[-98.676,68.644],[-81.053,88.061],[-56.917,90.273],[-44.916,114.369],[-57.055,105.957],[-84.976,109.74],[-64.089,125.856],[-39.453,123.431],[-24.682,144.191],[-37.149,138.777],[-64.591,147.945],[-40.966,160.13],[-17.048,153.226],[-0.033,170.162],[-12.289,167.567],[-38.371,182.049],[-12.635,189.75],[10.066,178.388],[22.417,186.717],[30.147,191.467],[16.859,191.118],[-6.98,210.668],[20.145,213.473],[41.241,197.519],[62.448,206.759],[49.283,208.958],[28.517,233.201],[56.229,230.795],[74.783,210.796],[105.106,216.979],[105.447,213.332],[105.794,209.678]],"c":true},"ix":2},"nm":"Pfad 1","mn":"ADBE Vector Shape - Group","hd":false},{"ty":"fl","c":{"a":0,"k":[0.9607843137254902,0.6509803921568628,0.13725490196078433,1],"ix":4},"o":{"a":0,"k":100,"ix":5},"r":1,"bm":0,"nm":"Fläche 1","mn":"ADBE Vector Graphic - Fill","hd":false},{"ty":"tr","p":{"a":0,"k":[407.639,359.536],"ix":2},"a":{"a":0,"k":[0,0],"ix":1},"s":{"a":0,"k":[100,100],"ix":3},"r":{"a":0,"k":0,"ix":6},"o":{"a":0,"k":100,"ix":7},"sk":{"a":0,"k":0,"ix":4},"sa":{"a":0,"k":0,"ix":5},"nm":"Transformieren"}],"nm":"Gruppe 1","np":2,"cix":2,"bm":0,"ix":1,"mn":"ADBE Vector Group","hd":false},{"ty":"gr","it":[{"ind":0,"ty":"sh","ix":1,"ks":{"a":0,"k":{"i":[[-15.165,3.723],[-4.547,11.849],[0,0],[7.46,-13.046],[4.283,-3.266],[-8.161,3.779],[-2.548,12.375],[0,0],[5.153,-13.967],[3.672,-3.971],[-4.669,2.958],[-2.573,1.751],[-0.526,12.687],[0,0],[2.788,-14.425],[3.117,-4.694],[-6.412,6.702],[1.487,12.433],[0,0],[0.426,-14.436],[2.22,-5.048],[-5.147,7.621],[3.306,11.465],[0,0],[-1.841,-14.017],[1.265,-5.117],[-3.754,8.058],[5.063,10.602],[0,0],[-3.981,-13.19],[0.481,-5.343],[-2.465,8.864],[6.706,9.509],[0,0],[-5.904,-11.996],[-0.334,-5.449],[-0.907,9.641],[8.062,8.045],[0,0],[-7.578,-10.489],[-1.172,-5.216],[0.592,9.847],[9.293,6.448],[0,0],[-8.962,-8.709],[-1.955,-5.025],[2.404,10.101],[9.915,4.472],[0,0],[-10.017,-6.764],[-2.664,-4.418],[3.886,9.316],[10.261,2.491],[0,0],[-10.74,-4.673],[-3.267,-3.783],[5.248,8.417],[10.734,0.531],[0,0],[-11.092,-2.537],[-3.799,-3.209],[6.74,7.338],[10.912,-1.541],[0,0],[-11.108,-0.397],[-4.089,-2.452],[3.83,3.233],[4.172,3.209],[10.192,-3.464],[0,0],[-10.768,1.676],[-4.359,-1.598],[7.939,4.135],[9.793,-5.499],[0,0],[-10.132,3.606],[-4.153,-0.776],[5.003,1.874],[6.467,2.41],[0,0],[-5.926,-1.09],[-1.245,-1.696],[-5.54,-2.488],[2.528,5.187],[0,0],[-3.293,-10.605],[0.491,-2.314],[-9.845,-6.778],[1.576,5.331],[0,0],[-1.577,-11.288],[0.966,-2.502],[-5.5,-4.814],[-2.418,-2.262],[0.635,4.942],[0,0],[0.26,-11.649],[1.638,-2.914],[-6.177,-8.679],[-0.164,4.836],[0,0],[2.172,-11.657],[2.132,-2.63],[-4.733,-9.754],[-0.984,4.948],[0,0],[4.082,-11.29],[2.534,-2.192],[-3.037,-9.932],[-1.656,4.418],[0,0],[5.952,-10.569],[3.103,-1.873],[-1.336,-9.75],[-2.114,3.647],[0,0],[7.697,-9.473],[3.653,-1.449],[0.415,-9.655],[-2.664,3.193],[0,0],[9.287,-8.043],[3.859,-0.728],[1.68,-8.781],[-3.103,2.622],[0,0],[10.65,-6.299],[4.099,-0.013],[3.121,-8.32],[-3.605,2.078],[0,0],[11.724,-4.285],[4.085,0.77],[4.378,-7.675],[-4.026,1.407],[0,0],[12.477,-2.05],[3.971,1.563],[5.185,-6.482],[-3.91,0.586],[0,0],[12.878,0.34],[3.952,2.395],[5.809,-5.097],[-3.674,-0.149],[0,0],[12.893,2.819],[3.658,3.209],[4.119,-2.465],[2.548,-1.485],[-3.833,-0.894],[0,0],[12.494,5.308],[3.092,3.881],[6.579,-2.401],[-3.634,-1.605],[0,0],[11.687,7.741],[2.497,4.513],[0,0],[0,0],[0,0]],"o":[[-0.405,-5.349],[5.254,-13.712],[0,0],[-2.405,4.205],[6.841,-2.134],[-1.238,-5.052],[2.918,-14.201],[0,0],[-1.69,4.558],[4.455,-2.353],[2.566,-1.51],[-1.973,-4.532],[0.585,-14.244],[0,0],[-0.976,5.062],[6.696,-5.211],[-2.6,-3.965],[-1.674,-13.848],[0,0],[-0.148,4.984],[5.714,-6.567],[-3.187,-3.456],[-3.788,-13.061],[0,0],[0.605,4.588],[4.484,-7.337],[-3.571,-2.693],[-5.703,-11.904],[0,0],[1.367,4.538],[3.446,-8.296],[-3.78,-1.852],[-7.369,-10.439],[0,0],[2.177,4.389],[2.169,-9.182],[-3.87,-1.046],[-8.759,-8.722],[0,0],[2.817,3.873],[0.859,-10.036],[-3.741,-0.248],[-9.814,-6.801],[0,0],[3.592,3.494],[-0.984,-10.59],[-3.693,0.445],[-10.539,-4.75],[0,0],[3.879,2.615],[-2.735,-10.088],[-3.497,1.108],[-10.925,-2.635],[0,0],[4.177,1.814],[-4.323,-9.571],[-2.931,1.624],[-10.947,-0.529],[0,0],[4.783,1.088],[-6.026,-9.183],[-2.259,1.917],[-10.655,1.512],[0,0],[5.256,0.183],[-3.724,-3.888],[-4.288,-3.88],[-1.949,2.334],[-10.039,3.421],[0,0],[5.029,-0.776],[-9.411,-6.969],[-1.214,2.175],[-9.158,5.167],[0,0],[5.288,-1.872],[-7.081,-3.577],[-2.158,1.145],[-9.65,-3.598],[0,0],[7.414,1.377],[4.122,1.407],[-3.572,-2.657],[-4.995,-10.236],[0,0],[3.566,11.499],[8.06,3.781],[-3.232,-3.52],[-3.349,-11.238],[0,0],[1.669,11.94],[5.275,3.774],[2.444,2],[-2.595,-4.233],[-1.526,-11.931],[0,0],[-0.259,11.556],[6.767,6.828],[-1.839,-4.7],[0.423,-12.284],[0,0],[-2.137,11.521],[5.653,8.462],[-1.117,-5.116],[2.434,-12.263],[0,0],[-4.061,11.253],[4.121,9.126],[-0.209,-5.175],[4.444,-11.854],[0,0],[-5.729,10.185],[2.511,9.267],[0.699,-4.851],[6.399,-11.055],[0,0],[-7.122,8.765],[0.865,9.402],[1.489,-4.679],[8.245,-9.89],[0,0],[-8.661,7.508],[-0.553,9.126],[2.227,-4.307],[9.906,-8.349],[0,0],[-9.774,5.781],[-2.151,8.828],[2.965,-3.937],[11.322,-6.482],[0,0],[-10.832,3.95],[-3.587,8.369],[3.663,-3.457],[12.422,-4.347],[0,0],[-11.541,1.895],[-4.639,7.338],[4,-2.508],[13.198,-1.98],[0,0],[-11.472,-0.302],[-5.508,6.171],[4.119,-1.548],[13.583,0.545],[0,0],[-11.269,-2.466],[-4.116,3.073],[-2.608,1.683],[4.54,-0.822],[13.557,3.159],[0,0],[-11.078,-4.711],[-7.507,3.808],[4.634,0.066],[13.11,5.779],[0,0],[-10.311,-6.82],[-18.763,5.39],[0,0],[0,0],[0,0]],"v":[[-81.6,205.293],[-77.423,177.589],[-56.327,157.968],[-59.956,190.817],[-71.212,202.403],[-48.597,193.657],[-48.949,166.026],[-31.66,143.202],[-30.017,175.576],[-39.215,189.001],[-25.525,181.073],[-17.812,176.164],[-22.608,149.268],[-9.508,124.047],[-2.842,154.984],[-10.244,170.636],[9.493,152.722],[0.599,127.56],[9.281,100.804],[20.566,129.426],[16,145.62],[32.337,124.286],[20.016,101.871],[24.195,74.447],[39.578,99.992],[37.916,115.642],[50.312,92.521],[34.755,73.047],[34.485,45.804],[53.344,67.625],[54.119,83.839],[63.02,58.075],[44.688,42.028],[40.152,15.785],[61.769,33.365],[65.139,49.875],[69.805,21.602],[49.445,9.457],[40.948,-15.035],[64.562,-2.057],[70.443,13.402],[70.795,-16.463],[48.923,-24.444],[36.879,-46.518],[61.716,-38.362],[70.273,-23.362],[65.15,-54.456],[42.855,-58.138],[27.769,-77.225],[53.023,-73.923],[63.364,-61.468],[53.373,-90.625],[31.29,-90.062],[13.736,-105.69],[38.628,-107.173],[50.619,-96.988],[36.194,-124.024],[14.596,-119.205],[-4.789,-131.051],[18.992,-137.067],[33.327,-128.492],[14.077,-153.361],[-6.342,-144.446],[-26.93,-152.299],[-4.905,-162.499],[11.429,-156.195],[0.073,-166.883],[-12.63,-177.478],[-30.895,-165.164],[-51.986,-168.945],[-32.34,-182.858],[-15.778,-179.86],[-42.043,-196.343],[-57.935,-180.736],[-78.881,-180.488],[-62.104,-197.539],[-44.196,-197.447],[-62.504,-205.477],[-78.272,-203.391],[-92.699,-214.044],[-76.809,-217.097],[-62.089,-206.198],[-47.507,-200.437],[-60.157,-213.626],[-61.324,-238.536],[-46.394,-222.595],[-44.973,-199.276],[-17.844,-183.663],[-27.755,-198.657],[-24.856,-223.904],[-12.46,-205.018],[-14.775,-181.499],[1.42,-168.663],[8.715,-162.252],[2.274,-177.507],[9.313,-202.323],[18.69,-180.955],[12.82,-158.265],[32.343,-134.912],[28.655,-150.767],[39.8,-174.354],[45.717,-151.077],[36.128,-129.433],[51.778,-102.05],[50.571,-119.077],[65.612,-140.637],[67.763,-116.115],[54.537,-96.154],[65.353,-67.526],[66.983,-83.586],[85.621,-102.36],[83.772,-77.301],[67.509,-59.97],[73.31,-31.405],[77.326,-45.388],[99.12,-60.67],[93.174,-35.845],[74.44,-21.708],[75.159,6.906],[81.397,-6.121],[105.794,-17.304],[95.769,6.51],[74.522,17.127],[71.149,44.017],[79.347,32.516],[105.691,25.977],[91.721,47.975],[68.835,54.555],[60.888,80.306],[71.133,70.142],[98.676,68.644],[81.053,88.061],[56.917,90.273],[44.916,114.369],[57.055,105.957],[84.976,109.74],[64.089,125.856],[39.453,123.431],[24.682,144.191],[37.149,138.777],[64.591,147.945],[40.966,160.13],[17.048,153.226],[0.033,170.162],[12.289,167.567],[38.371,182.049],[12.635,189.75],[-10.066,178.388],[-22.417,186.717],[-30.147,191.467],[-16.859,191.118],[6.98,210.668],[-20.145,213.473],[-41.241,197.519],[-62.448,206.759],[-49.283,208.958],[-28.517,233.201],[-56.229,230.795],[-74.783,210.796],[-105.106,216.979],[-105.447,213.332],[-105.794,209.678]],"c":true},"ix":2},"nm":"Pfad 1","mn":"ADBE Vector Shape - Group","hd":false},{"ty":"fl","c":{"a":0,"k":[0.9607843137254902,0.6509803921568628,0.13725490196078433,1],"ix":4},"o":{"a":0,"k":100,"ix":5},"r":1,"bm":0,"nm":"Fläche 1","mn":"ADBE Vector Graphic - Fill","hd":false},{"ty":"tr","p":{"a":0,"k":[713.65,359.536],"ix":2},"a":{"a":0,"k":[0,0],"ix":1},"s":{"a":0,"k":[100,100],"ix":3},"r":{"a":0,"k":0,"ix":6},"o":{"a":0,"k":100,"ix":7},"sk":{"a":0,"k":0,"ix":4},"sa":{"a":0,"k":0,"ix":5},"nm":"Transformieren"}],"nm":"Gruppe 2","np":2,"cix":2,"bm":0,"ix":2,"mn":"ADBE Vector Group","hd":false}],"ip":0,"op":199,"st":0,"bm":0},{"ddd":0,"ind":6,"ty":4,"nm":"podium Konturen","sr":1,"ks":{"o":{"a":0,"k":100,"ix":11},"r":{"a":0,"k":0,"ix":10},"p":{"a":0,"k":[540,540,0],"ix":2,"l":2},"a":{"a":0,"k":[540,540,0],"ix":1,"l":2},"s":{"a":0,"k":[100,100,100],"ix":6,"l":2}},"ao":0,"shapes":[{"ty":"gr","it":[{"ind":0,"ty":"sh","ix":1,"ks":{"a":0,"k":{"i":[[0,0],[0,0],[0,0],[0,0],[0,0],[0,0]],"o":[[0,0],[0,0],[0,0],[0,0],[0,0],[0,0]],"v":[[13.109,24.6],[-3.339,24.6],[-3.339,-11.597],[-13.109,-11.597],[-13.109,-24.601],[13.109,-24.601]],"c":true},"ix":2},"nm":"Pfad 1","mn":"ADBE Vector Shape - Group","hd":false},{"ty":"fl","c":{"a":0,"k":[0.2235294117647059,0.0392156862745098,0.0392156862745098,1],"ix":4},"o":{"a":0,"k":100,"ix":5},"r":1,"bm":0,"nm":"Fläche 1","mn":"ADBE Vector Graphic - Fill","hd":false},{"ty":"tr","p":{"a":0,"k":[560.489,744.853],"ix":2},"a":{"a":0,"k":[0,0],"ix":1},"s":{"a":0,"k":[100,100],"ix":3},"r":{"a":0,"k":0,"ix":6},"o":{"a":0,"k":100,"ix":7},"sk":{"a":0,"k":0,"ix":4},"sa":{"a":0,"k":0,"ix":5},"nm":"Transformieren"}],"nm":"Gruppe 1","np":2,"cix":2,"bm":0,"ix":1,"mn":"ADBE Vector Group","hd":false},{"ty":"gr","it":[{"ind":0,"ty":"sh","ix":1,"ks":{"a":0,"k":{"i":[[0,0],[0,0],[0,0],[0,0]],"o":[[0,0],[0,0],[0,0],[0,0]],"v":[[180.885,-101.567],[-180.885,-101.567],[-180.885,101.566],[180.885,101.566]],"c":true},"ix":2},"nm":"Pfad 1","mn":"ADBE Vector Shape - Group","hd":false},{"ty":"fl","c":{"a":0,"k":[1,0.6509803921568628,0.18823529411764706,1],"ix":4},"o":{"a":0,"k":100,"ix":5},"r":1,"bm":0,"nm":"Fläche 1","mn":"ADBE Vector Graphic - Fill","hd":false},{"ty":"tr","p":{"a":0,"k":[560.489,743.635],"ix":2},"a":{"a":0,"k":[0,0],"ix":1},"s":{"a":0,"k":[100,100],"ix":3},"r":{"a":0,"k":0,"ix":6},"o":{"a":0,"k":100,"ix":7},"sk":{"a":0,"k":0,"ix":4},"sa":{"a":0,"k":0,"ix":5},"nm":"Transformieren"}],"nm":"Gruppe 2","np":2,"cix":2,"bm":0,"ix":2,"mn":"ADBE Vector Group","hd":false},{"ty":"gr","it":[{"ind":0,"ty":"sh","ix":1,"ks":{"a":0,"k":{"i":[[0,0],[0,0],[0,0],[0,0]],"o":[[0,0],[0,0],[0,0],[0,0]],"v":[[8.916,-101.566],[-8.916,-85.847],[-8.916,101.567],[8.916,101.567]],"c":true},"ix":2},"nm":"Pfad 1","mn":"ADBE Vector Shape - Group","hd":false},{"ty":"fl","c":{"a":0,"k":[0.643137254902,0.537254901961,0.337254901961,1],"ix":4},"o":{"a":0,"k":100,"ix":5},"r":1,"bm":0,"nm":"Fläche 1","mn":"ADBE Vector Graphic - Fill","hd":false},{"ty":"tr","p":{"a":0,"k":[370.687,743.634],"ix":2},"a":{"a":0,"k":[0,0],"ix":1},"s":{"a":0,"k":[100,100],"ix":3},"r":{"a":0,"k":0,"ix":6},"o":{"a":0,"k":100,"ix":7},"sk":{"a":0,"k":0,"ix":4},"sa":{"a":0,"k":0,"ix":5},"nm":"Transformieren"}],"nm":"Gruppe 3","np":2,"cix":2,"bm":0,"ix":3,"mn":"ADBE Vector Group","hd":false},{"ty":"gr","it":[{"ind":0,"ty":"sh","ix":1,"ks":{"a":0,"k":{"i":[[0,0],[0,0],[0,0],[0,0],[0,0],[0,5.552],[1.828,0],[0,-1.898],[0,0],[0,0],[0,0],[-12.651,0],[0,-11.035],[7.661,-6.537]],"o":[[0,0],[0,0],[0,0],[0,0],[11.106,-7.872],[0,-1.898],[-2.038,0],[0,0],[0,0],[0,0],[0,-9.489],[11.808,0],[0,8.294],[0,0]],"v":[[3.971,11.949],[18.591,11.949],[18.591,24.952],[-18.31,24.952],[-18.451,11.949],[2.636,-8.012],[-0.387,-11.245],[-3.339,-8.012],[-3.339,-4.077],[-19.856,-4.077],[-19.856,-8.083],[-0.387,-24.952],[19.856,-8.856],[3.971,11.598]],"c":true},"ix":2},"nm":"Pfad 1","mn":"ADBE Vector Shape - Group","hd":false},{"ty":"fl","c":{"a":0,"k":[0.2235294117647059,0.0392156862745098,0.0392156862745098,1],"ix":4},"o":{"a":0,"k":100,"ix":5},"r":1,"bm":0,"nm":"Fläche 1","mn":"ADBE Vector Graphic - Fill","hd":false},{"ty":"tr","p":{"a":0,"k":[239.263,778.375],"ix":2},"a":{"a":0,"k":[0,0],"ix":1},"s":{"a":0,"k":[100,100],"ix":3},"r":{"a":0,"k":0,"ix":6},"o":{"a":0,"k":100,"ix":7},"sk":{"a":0,"k":0,"ix":4},"sa":{"a":0,"k":0,"ix":5},"nm":"Transformieren"}],"nm":"Gruppe 4","np":2,"cix":2,"bm":0,"ix":4,"mn":"ADBE Vector Group","hd":false},{"ty":"gr","it":[{"ind":0,"ty":"sh","ix":1,"ks":{"a":0,"k":{"i":[[0,0],[0,0],[0,0],[0,0]],"o":[[0,0],[0,0],[0,0],[0,0]],"v":[[132.762,-70.613],[-132.762,-70.613],[-132.762,70.613],[132.762,70.613]],"c":true},"ix":2},"nm":"Pfad 1","mn":"ADBE Vector Shape - Group","hd":false},{"ty":"fl","c":{"a":0,"k":[0.9607843137254902,0.6509803921568628,0.13725490196078433,1],"ix":4},"o":{"a":0,"k":100,"ix":5},"r":1,"bm":0,"nm":"Fläche 1","mn":"ADBE Vector Graphic - Fill","hd":false},{"ty":"tr","p":{"a":0,"k":[246.841,774.588],"ix":2},"a":{"a":0,"k":[0,0],"ix":1},"s":{"a":0,"k":[100,100],"ix":3},"r":{"a":0,"k":0,"ix":6},"o":{"a":0,"k":100,"ix":7},"sk":{"a":0,"k":0,"ix":4},"sa":{"a":0,"k":0,"ix":5},"nm":"Transformieren"}],"nm":"Gruppe 5","np":2,"cix":2,"bm":0,"ix":5,"mn":"ADBE Vector Group","hd":false},{"ty":"gr","it":[{"ind":0,"ty":"sh","ix":1,"ks":{"a":0,"k":{"i":[[0,0],[0,0],[0,0],[0,0]],"o":[[0,0],[0,0],[0,0],[0,0]],"v":[[8.916,-70.613],[-8.916,-54.894],[-8.916,70.613],[8.916,70.613]],"c":true},"ix":2},"nm":"Pfad 1","mn":"ADBE Vector Shape - Group","hd":false},{"ty":"fl","c":{"a":0,"k":[0.9607843137254902,0.6509803921568628,0.13725490196078433,1],"ix":4},"o":{"a":0,"k":100,"ix":5},"r":1,"bm":0,"nm":"Fläche 1","mn":"ADBE Vector Graphic - Fill","hd":false},{"ty":"tr","p":{"a":0,"k":[105.163,774.588],"ix":2},"a":{"a":0,"k":[0,0],"ix":1},"s":{"a":0,"k":[100,100],"ix":3},"r":{"a":0,"k":0,"ix":6},"o":{"a":0,"k":100,"ix":7},"sk":{"a":0,"k":0,"ix":4},"sa":{"a":0,"k":0,"ix":5},"nm":"Transformieren"}],"nm":"Gruppe 6","np":2,"cix":2,"bm":0,"ix":6,"mn":"ADBE Vector Group","hd":false},{"ty":"gr","it":[{"ind":0,"ty":"sh","ix":1,"ks":{"a":0,"k":{"i":[[2.038,-2.531],[0,-3.374],[9.981,0],[0,0],[0,0],[0,0],[0,1.687],[1.546,0],[0,0],[0,0],[0,0],[0,1.546],[1.546,0],[0,0],[0,0],[0,0],[0,-9.84]],"o":[[2.038,2.53],[0,9.839],[0,0],[0,0],[0,0],[1.546,0],[0,-1.546],[0,0],[0,0],[0,0],[1.546,0],[0,-1.688],[0,0],[0,0],[0,0],[9.981,0],[0,3.374]],"v":[[14.549,0],[17.782,8.997],[1.757,24.6],[-17.713,24.6],[-17.783,11.597],[-2.952,11.597],[-0.282,9.137],[-2.952,6.536],[-10.684,6.536],[-10.684,-6.536],[-2.952,-6.536],[-0.282,-9.137],[-2.952,-11.597],[-17.783,-11.597],[-17.713,-24.601],[1.757,-24.601],[17.782,-8.997]],"c":true},"ix":2},"nm":"Pfad 1","mn":"ADBE Vector Shape - Group","hd":false},{"ty":"fl","c":{"a":0,"k":[0.2235294117647059,0.0392156862745098,0.0392156862745098,1],"ix":4},"o":{"a":0,"k":100,"ix":5},"r":1,"bm":0,"nm":"Fläche 1","mn":"ADBE Vector Graphic - Fill","hd":false},{"ty":"tr","p":{"a":0,"k":[882.849,799.213],"ix":2},"a":{"a":0,"k":[0,0],"ix":1},"s":{"a":0,"k":[100,100],"ix":3},"r":{"a":0,"k":0,"ix":6},"o":{"a":0,"k":100,"ix":7},"sk":{"a":0,"k":0,"ix":4},"sa":{"a":0,"k":0,"ix":5},"nm":"Transformieren"}],"nm":"Gruppe 7","np":2,"cix":2,"bm":0,"ix":7,"mn":"ADBE Vector Group","hd":false},{"ty":"gr","it":[{"ind":0,"ty":"sh","ix":1,"ks":{"a":0,"k":{"i":[[0,0],[0,0],[0,0],[0,0]],"o":[[0,0],[0,0],[0,0],[0,0]],"v":[[132.886,-45.463],[-132.887,-45.463],[-132.887,45.463],[132.886,45.463]],"c":true},"ix":2},"nm":"Pfad 1","mn":"ADBE Vector Shape - Group","hd":false},{"ty":"fl","c":{"a":0,"k":[1,0.6509803921568628,0.18823529411764706,1],"ix":4},"o":{"a":0,"k":100,"ix":5},"r":1,"bm":0,"nm":"Fläche 1","mn":"ADBE Vector Graphic - Fill","hd":false},{"ty":"tr","p":{"a":0,"k":[892.156,799.738],"ix":2},"a":{"a":0,"k":[0,0],"ix":1},"s":{"a":0,"k":[100,100],"ix":3},"r":{"a":0,"k":0,"ix":6},"o":{"a":0,"k":100,"ix":7},"sk":{"a":0,"k":0,"ix":4},"sa":{"a":0,"k":0,"ix":5},"nm":"Transformieren"}],"nm":"Gruppe 8","np":2,"cix":2,"bm":0,"ix":8,"mn":"ADBE Vector Group","hd":false},{"ty":"gr","it":[{"ind":0,"ty":"sh","ix":1,"ks":{"a":0,"k":{"i":[[0,0],[0,0],[0,0],[0,0]],"o":[[0,0],[0,0],[0,0],[0,0]],"v":[[8.916,-45.463],[-8.916,-29.744],[-8.916,45.463],[8.916,45.463]],"c":true},"ix":2},"nm":"Pfad 1","mn":"ADBE Vector Shape - Group","hd":false},{"ty":"fl","c":{"a":0,"k":[0.541176470588,0.345098039216,0.356862745098,1],"ix":4},"o":{"a":0,"k":100,"ix":5},"r":1,"bm":0,"nm":"Fläche 1","mn":"ADBE Vector Graphic - Fill","hd":false},{"ty":"tr","p":{"a":0,"k":[750.353,799.738],"ix":2},"a":{"a":0,"k":[0,0],"ix":1},"s":{"a":0,"k":[100,100],"ix":3},"r":{"a":0,"k":0,"ix":6},"o":{"a":0,"k":100,"ix":7},"sk":{"a":0,"k":0,"ix":4},"sa":{"a":0,"k":0,"ix":5},"nm":"Transformieren"}],"nm":"Gruppe 9","np":2,"cix":2,"bm":0,"ix":9,"mn":"ADBE Vector Group","hd":false}],"ip":0,"op":199,"st":-51,"bm":0},{"ddd":0,"ind":7,"ty":4,"nm":"back Konturen","sr":1,"ks":{"o":{"a":0,"k":100,"ix":11},"r":{"a":0,"k":0,"ix":10},"p":{"a":0,"k":[540,540,0],"ix":2,"l":2},"a":{"a":0,"k":[540,540,0],"ix":1,"l":2},"s":{"a":0,"k":[100,100,100],"ix":6,"l":2}},"ao":0,"shapes":[{"ty":"gr","it":[{"ind":0,"ty":"sh","ix":1,"ks":{"a":0,"k":{"i":[[0,0],[84.304,-20.22],[33.733,-35.924],[7.044,-43.666],[-25.325,-65.6],[-67.254,-20.53],[-50.136,4.821],[-118.002,11.347],[-52.729,48.441],[-12.926,31.191],[29.424,78.315],[81.252,19.93],[52.644,-5.339],[56.086,-5.687]],"o":[[-86.266,8.619],[-47.92,11.494],[-30.276,32.244],[-11.199,69.421],[25.324,65.599],[48.172,14.706],[118.002,-11.347],[71.274,-6.853],[24.864,-22.842],[32.028,-77.286],[-29.423,-78.315],[-51.39,-12.605],[-56.086,5.687],[0,0]],"v":[[-35.256,-285.941],[-291.505,-242.616],[-423.194,-180.362],[-473.264,-59.636],[-458.138,148.304],[-313.439,291.807],[-163.458,297.011],[190.549,262.97],[391.282,198.49],[446.432,114.492],[455.039,-130.452],[277.629,-293.908],[119.722,-295.912],[-48.536,-278.85]],"c":false},"ix":2},"nm":"Pfad 1","mn":"ADBE Vector Shape - Group","hd":false},{"ty":"fl","c":{"a":0,"k":[1,1,1,1],"ix":4},"o":{"a":0,"k":100,"ix":5},"r":1,"bm":0,"nm":"Fläche 1","mn":"ADBE Vector Graphic - Fill","hd":false},{"ty":"tr","p":{"a":0,"k":[563.634,606.991],"ix":2},"a":{"a":0,"k":[0,0],"ix":1},"s":{"a":0,"k":[100,100],"ix":3},"r":{"a":0,"k":0,"ix":6},"o":{"a":0,"k":100,"ix":7},"sk":{"a":0,"k":0,"ix":4},"sa":{"a":0,"k":0,"ix":5},"nm":"Transformieren"}],"nm":"Gruppe 1","np":2,"cix":2,"bm":0,"ix":1,"mn":"ADBE Vector Group","hd":false},{"ty":"gr","it":[{"ind":0,"ty":"sh","ix":1,"ks":{"a":0,"k":{"i":[[123.407,56.698],[-136.048,112.296],[-185.883,-4.301],[40.281,-170.636],[147.448,14.741]],"o":[[-177.797,-68.936],[160.552,-120.501],[199.991,4.627],[-51.776,160.908],[-127.017,5.68]],"v":[[-283.476,274.907],[-350.95,-211.104],[175.148,-268.599],[448.971,104.651],[76.925,280.779]],"c":true},"ix":2},"nm":"Pfad 1","mn":"ADBE Vector Shape - Group","hd":false},{"ty":"fl","c":{"a":0,"k":[1,1,1,1],"ix":4},"o":{"a":0,"k":100,"ix":5},"r":1,"bm":0,"nm":"Fläche 1","mn":"ADBE Vector Graphic - Fill","hd":false},{"ty":"tr","p":{"a":0,"k":[593.002,644.418],"ix":2},"a":{"a":0,"k":[0,0],"ix":1},"s":{"a":0,"k":[100,100],"ix":3},"r":{"a":0,"k":0,"ix":6},"o":{"a":0,"k":100,"ix":7},"sk":{"a":0,"k":0,"ix":4},"sa":{"a":0,"k":0,"ix":5},"nm":"Transformieren"}],"nm":"Gruppe 2","np":4,"cix":2,"bm":0,"ix":2,"mn":"ADBE Vector Group","hd":false},{"ty":"gr","it":[{"ind":0,"ty":"sh","ix":1,"ks":{"a":0,"k":{"i":[[0,0],[29.473,47.503],[-22.056,51.367],[-45.351,32.686],[-94.125,6.272],[-84.69,-19.111],[-74.413,-21.276],[-30.163,-36.579],[24.094,-51.584],[48.046,-30.546],[127.154,-30.513],[62.507,-2.21],[52.82,33.496],[0.301,62.545]],"o":[[-52.209,19.984],[-29.473,-47.502],[22.055,-51.368],[76.529,-55.156],[86.627,-5.772],[75.495,17.036],[45.584,13.034],[36.221,43.925],[-24.094,51.585],[-110.351,70.156],[-60.82,14.594],[-62.507,2.21],[-52.821,-33.496],[0,0]],"v":[[-344.565,138.286],[-489.264,83.633],[-495.604,-77.552],[-387.487,-203.056],[-124.653,-297.665],[133.145,-267.818],[358.067,-210.335],[481.917,-145.132],[494.643,16.244],[377.651,137.484],[10.355,269.758],[-174.287,301.227],[-354.174,258.853],[-446.529,104.486]],"c":false},"ix":2},"nm":"Pfad 1","mn":"ADBE Vector Shape - Group","hd":false},{"ty":"fl","c":{"a":0,"k":[1,1,1,1],"ix":4},"o":{"a":0,"k":100,"ix":5},"r":1,"bm":0,"nm":"Fläche 1","mn":"ADBE Vector Graphic - Fill","hd":false},{"ty":"tr","p":{"a":0,"k":[531.751,562.415],"ix":2},"a":{"a":0,"k":[0,0],"ix":1},"s":{"a":0,"k":[100,100],"ix":3},"r":{"a":0,"k":0,"ix":6},"o":{"a":0,"k":100,"ix":7},"sk":{"a":0,"k":0,"ix":4},"sa":{"a":0,"k":0,"ix":5},"nm":"Transformieren"}],"nm":"Gruppe 3","np":2,"cix":2,"bm":0,"ix":3,"mn":"ADBE Vector Group","hd":false}],"ip":0,"op":199,"st":-51,"bm":0}]}],"layers":[{"ddd":0,"ind":1,"ty":0,"nm":"sport_winners-podium","refId":"comp_0","sr":1,"ks":{"o":{"a":0,"k":100,"ix":11},"r":{"a":0,"k":0,"ix":10},"p":{"a":1,"k":[{"i":{"x":0.667,"y":1},"o":{"x":0.333,"y":0},"t":0,"s":[540,540,0],"to":[0,-5,0],"ti":[0,-5,0]},{"i":{"x":0.667,"y":1},"o":{"x":0.333,"y":0},"t":50,"s":[540,510,0],"to":[0,5,0],"ti":[0,-4.833,0]},{"i":{"x":0.667,"y":0.921},"o":{"x":0.333,"y":0},"t":100,"s":[540,570,0],"to":[0,4.79,0],"ti":[0,5.569,0]},{"t":150,"s":[540,540,0]}],"ix":2,"l":2},"a":{"a":0,"k":[540,540,0],"ix":1,"l":2},"s":{"a":0,"k":[100,100,100],"ix":6,"l":2}},"ao":0,"w":1080,"h":1080,"ip":0,"op":250,"st":0,"bm":0},{"ddd":0,"ind":2,"ty":4,"nm":"backgroundcolor","sr":1,"ks":{"o":{"a":0,"k":100,"ix":11},"r":{"a":0,"k":0,"ix":10},"p":{"a":0,"k":[540,540,0],"ix":2,"l":2},"a":{"a":0,"k":[0,0,0],"ix":1,"l":2},"s":{"a":0,"k":[100,100,100],"ix":6,"l":2}},"ao":0,"shapes":[{"ty":"gr","it":[{"ty":"rc","d":1,"s":{"a":0,"k":[1080,1080],"ix":2},"p":{"a":0,"k":[0,0],"ix":3},"r":{"a":0,"k":0,"ix":4},"nm":"Rechteckpfad: 1","mn":"ADBE Vector Shape - Rect","hd":false},{"ty":"fl","c":{"a":0,"k":[0.2235294117647059,0.0392156862745098,0.0392156862745098,1],"ix":4},"o":{"a":0,"k":100,"ix":5},"r":1,"bm":0,"nm":"Fläche 1","mn":"ADBE Vector Graphic - Fill","hd":false},{"ty":"tr","p":{"a":0,"k":[0,0],"ix":2},"a":{"a":0,"k":[0,0],"ix":1},"s":{"a":0,"k":[100,100],"ix":3},"r":{"a":0,"k":0,"ix":6},"o":{"a":0,"k":100,"ix":7},"sk":{"a":0,"k":0,"ix":4},"sa":{"a":0,"k":0,"ix":5},"nm":"Transformieren"}],"nm":"Rechteck 1","np":3,"cix":2,"bm":0,"ix":1,"mn":"ADBE Vector Group","hd":false}],"ip":375,"op":375,"st":0,"bm":0,"hidden":0}],"markers":[]}